1;2189;Cordoba;Cruz Alta
2;2200;Cordoba;P De S Lorenzo
3;2341;Cordoba;Aromito
4;2341;Cordoba;Colonia Alpina
5;2341;Cordoba;Colonia Montefiore
6;2341;Cordoba;La Marina
7;2342;Cordoba;Campo El Mataco
8;2342;Cordoba;Colonia Geraldina
9;2367;Cordoba;Colonia Marina
10;2400;Cordoba;San Francisco
11;2401;Cordoba;Esmeraldita
12;2401;Cordoba;Plaza S Francisco
13;2411;Cordoba;Luxardo
14;2413;Cordoba;Colonia Anita
15;2413;Cordoba;Colonia Eugenia
16;2413;Cordoba;Colonia Iturraspe
17;2413;Cordoba;Colonia Prodamonte
18;2413;Cordoba;Freyre
19;2413;Cordoba;Santa Rita
20;2414;Cordoba;Colonia Valtelina
21;2415;Cordoba;C Nuevo Piamonte
22;2415;Cordoba;Colonia Lavarello
23;2416;Cordoba;La Paquita
24;2417;Cordoba;Altos De Chipion
25;2417;Cordoba;C La Trinchera
26;2417;Cordoba;Colonia Udine
27;2417;Cordoba;La Paquita
28;2417;Cordoba;La Vicenta
29;2418;Cordoba;Seeber
30;2419;Cordoba;Brinkmann
31;2419;Cordoba;Colonia Botturi
32;2419;Cordoba;Cotagaita
33;2419;Cordoba;Seeber
34;2420;Cordoba;Colonia Vignaud
35;2421;Cordoba;C Dos Hermanos
36;2421;Cordoba;Campo Beiro
37;2421;Cordoba;Colonia Beiro
38;2421;Cordoba;Colonia San Pedro
39;2421;Cordoba;Colonia Tacurales
40;2421;Cordoba;Los Desagues
41;2421;Cordoba;Maunier
42;2421;Cordoba;Morteros
43;2422;Cordoba;Quebracho Herrado
44;2423;Cordoba;C Prosperidad
45;2423;Cordoba;C Santa Maria
46;2423;Cordoba;Campo Calvo
47;2423;Cordoba;Campo La Luisa
48;2423;Cordoba;Colonia La Morocha
49;2423;Cordoba;Luis Sauze
50;2423;Cordoba;Monte Redondo
51;2423;Cordoba;Quebracho Herrado
52;2424;Cordoba;Colonia Cristina
53;2424;Cordoba;Colonia El Milagro
54;2424;Cordoba;Colonia El Trabajo
55;2424;Cordoba;Cristina
56;2424;Cordoba;Devoto
57;2424;Cordoba;El Trabajo
58;2424;Cordoba;Jeanmaire
59;2424;Cordoba;Kilometro 531
60;2424;Cordoba;Mariana
61;2425;Cordoba;La Francia
62;2426;Cordoba;C San Bartolome
63;2426;Cordoba;Campo Boero
64;2426;Cordoba;Colonia San Bartolome
65;2426;Cordoba;La Francia
66;2426;Cordoba;Villa Vieja
67;2428;Cordoba;C Del Banco Nacion
68;2428;Cordoba;E La Chiquita
69;2428;Cordoba;E La Morocha
70;2428;Cordoba;El Fuertecito
71;2429;Cordoba;La Tordilla Norte
72;2430;Cordoba;San Pedro
73;2432;Cordoba;Arbol Chato
74;2432;Cordoba;Capilla S Antonio
75;2432;Cordoba;El Florida
76;2432;Cordoba;El Tio
77;2432;Cordoba;Kilometro 581
78;2432;Cordoba;Los Algarrobitos
79;2433;Cordoba;Colonia San Rafael
80;2433;Cordoba;La Frontera
81;2433;Cordoba;Las Delicias
82;2433;Cordoba;P De Los Gallegos
83;2433;Cordoba;Pozo Del Chaja
84;2433;Cordoba;V C Del Tio
85;2433;Cordoba;Villa Concepcion Del Tio
86;2434;Cordoba;Arroyito
87;2434;Cordoba;Arroyo De Alvarez
88;2434;Cordoba;La Curva
89;2435;Cordoba;C La Tordilla
90;2435;Cordoba;Colonia Coyunda
91;2435;Cordoba;La Coyunda
92;2435;Cordoba;La Tordilla
93;2435;Cordoba;Villa Vaudagna
94;2436;Cordoba;C A De Alvarez
95;2436;Cordoba;Colonia Cortadera
96;2436;Cordoba;Colonias
97;2436;Cordoba;La Represa
98;2436;Cordoba;Plaza Bruno
99;2436;Cordoba;Quebrachitos
100;2436;Cordoba;Transito
101;2436;Cordoba;Villa Del Transito
102;2440;Cordoba;B Belgrano Ortiz
103;2440;Cordoba;Campo Faggiano
104;2525;Cordoba;Flora
105;2525;Cordoba;Saira
106;2550;Cordoba;Bell Ville
107;2550;Cordoba;Cuatro Caminos
108;2550;Cordoba;San Vicente
109;2551;Cordoba;Los Patos
110;2553;Cordoba;Justiniano Posse
111;2555;Cordoba;Campo General Paz
112;2555;Cordoba;Ordonez
113;2555;Cordoba;Pueblo Viejo
114;2557;Cordoba;Idiazabal
115;2559;Cordoba;C La Leoncita
116;2559;Cordoba;Capilla De S Ant
117;2559;Cordoba;Cintra
118;2559;Cordoba;Colonia Maschi
119;2559;Cordoba;El Paraiso
120;2559;Cordoba;Isleta Negra
121;2559;Cordoba;Las Overias
122;2559;Cordoba;Las Palmeras
123;2559;Cordoba;Los Tasis
124;2559;Cordoba;Los Ucles
125;2559;Cordoba;San Antonio De Litin
126;2559;Cordoba;San Pedro
127;2560;Cordoba;San Antonio De Litin
128;2560;Cordoba;San Antonio Viejo
129;2561;Cordoba;Los Molles
130;2561;Cordoba;Chilibroste
131;2561;Cordoba;San Eusebio
132;2563;Cordoba;El Overo
133;2563;Cordoba;Monte Castillo
134;2563;Cordoba;Noetinger
135;2563;Cordoba;San Jose
136;2563;Cordoba;San Jose Del Salteno
137;2564;Cordoba;Monte Lena
138;2566;Cordoba;San Marcos Sud
139;2568;Cordoba;Las Lagunitas
140;2568;Cordoba;Morrison
141;2572;Cordoba;Ballesteros
142;2572;Cordoba;El Triangulo
143;2572;Cordoba;Las Merceditas
144;2572;Cordoba;San Carlos
145;2573;Cordoba;Ballesteros Sud
146;2580;Cordoba;C La Muriucha
147;2580;Cordoba;Colonia Calchaqui
148;2580;Cordoba;El Panal
149;2580;Cordoba;Marcos Juarez
150;2580;Cordoba;Pueblo Argentino
151;2581;Cordoba;C 25 Los Surgentes
152;2581;Cordoba;Los Surgentes
153;2581;Cordoba;P Carlos Sauveran
154;2581;Cordoba;Pueblo Rio Tercero
155;2583;Cordoba;General Baldissera
156;2585;Cordoba;Camilo Aldao
157;2586;Cordoba;Camilo Aldao
158;2587;Cordoba;Enfermera Kelly
159;2587;Cordoba;Inriville
160;2588;Cordoba;Saladillo
161;2589;Cordoba;Monte Buey
162;2592;Cordoba;C Veinticinco
163;2592;Cordoba;General Roca
164;2594;Cordoba;Barrio La Fortuna
165;2594;Cordoba;Colonia El Chaja
166;2594;Cordoba;La Reduccion
167;2594;Cordoba;Leones
168;2600;Cordoba;Boca P 25
169;2600;Cordoba;Chateaubriand
170;2600;Cordoba;Rabiola
171;2619;Cordoba;Km 57
172;2624;Cordoba;Arias
173;2625;Cordoba;Cavanagh
174;2625;Cordoba;Desvio Km 57
175;2627;Cordoba;Pueblo Gambande
176;2627;Cordoba;Guatimozin
177;2630;Cordoba;Villa Fredickson
178;2630;Cordoba;Villa Regules
179;2631;Cordoba;V Divisa De Mayo
180;2644;Cordoba;Cap Gral Bernardo O Higins
181;2645;Cordoba;Colonia Progreso
182;2645;Cordoba;Corral De Bustos
183;2645;Cordoba;O'Higgins
184;2646;Cordoba;Colonia Italiana
185;2650;Cordoba;Canals
186;2650;Cordoba;Colonia La Lola
187;2651;Cordoba;Colonia Bremen
188;2651;Cordoba;El Dorado
189;2651;Cordoba;El Porvenir
190;2651;Cordoba;La Italiana
191;2651;Cordoba;Santa Maria
192;2651;Cordoba;Colonia Bismar
193;2651;Cordoba;General Viamonte
194;2651;Cordoba;Viamonte
195;2652;Cordoba;Colonia Bismarck
196;2653;Cordoba;Pueblo Italiano
197;2655;Cordoba;W. Escalante
198;2655;Cordoba;Wenceslao Escalante
199;2657;Cordoba;Laborde
200;2659;Cordoba;Colonia Barge
201;2659;Cordoba;Matacos
202;2659;Cordoba;Monte Maiz
203;2660;Cordoba;Isla Verde
204;2661;Cordoba;Cortaderas
205;2661;Cordoba;Isla Verde
206;2662;Cordoba;Alejo Ledesma
207;2662;Cordoba;Bajo Del Burro
208;2662;Cordoba;C Ballesteros
209;2662;Cordoba;Colonia Ledesma
210;2663;Cordoba;Alejo Ledesma
211;2664;Cordoba;Benjamin Gould
212;2664;Cordoba;San Meliton
213;2670;Cordoba;La Carlota
214;2671;Cordoba;Assunta
215;2671;Cordoba;Barreto
216;2671;Cordoba;Pedro E Funes
217;2671;Cordoba;Santa Eufemia
218;2671;Cordoba;Viamonte
219;2675;Cordoba;Chazon
220;2675;Cordoba;Santa Victoria
221;2677;Cordoba;Ucacha
222;2679;Cordoba;Campo Sol De Mayo
223;2679;Cordoba;Pascanas
224;2681;Cordoba;Etruria
225;2684;Cordoba;Los Cisnes
226;2684;Cordoba;Olmos
227;2685;Cordoba;Colonia Maipu
228;2686;Cordoba;Alejandro
229;2686;Cordoba;Alejandro Roca
230;2700;Cordoba;Doce De Agosto
231;2700;Cordoba;Mtles Grandes
232;2700;Cordoba;Tambo Nuevo
233;4296;Cordoba;Caminiaga
234;4298;Cordoba;Cerro Colorado
235;4525;Cordoba;Paso Viejo
236;4686;Cordoba;Lozada
237;4687;Cordoba;Malagueno
238;4752;Cordoba;Rafael Garcia
239;4784;Cordoba;Malvinas Argentinas
240;4788;Cordoba;Piquillin
241;4792;Cordoba;El Eje
242;4800;Cordoba;Santa Rosa
243;4819;Cordoba;Esquina
244;4856;Cordoba;Diego De Rojas
245;4872;Cordoba;La Puerta
246;4884;Cordoba;Villa Fontana
247;4931;Cordoba;Saldan
248;4952;Cordoba;S. De Ycho Cruz
249;4959;Cordoba;V Rio Ycho Cruz
250;4960;Cordoba;Ycho Cruz Sierras
251;4966;Cordoba;Cabalango
252;5000;Cordoba;Cordoba
253;5000;Cordoba;Cordoba - Alberdi
254;5000;Cordoba;Cordoba - Alta Cordoba
255;5000;Cordoba;Cordoba - Bella Vista
256;5000;Cordoba;Cordoba - Centro
257;5000;Cordoba;Cordoba - Guemes
258;5000;Cordoba;Cordoba - Independencia
259;5000;Cordoba;Cordoba - Nueva Cordoba
260;5000;Cordoba;Cordoba - Olivos
261;5000;Cordoba;Cordoba - Parque Sarmiento
262;5000;Cordoba;Cordoba - Paso De Los Andes
263;5000;Cordoba;Cordoba - Providencia
264;5000;Cordoba;Cordoba - San Martin
265;5001;Cordoba;Cordoba
266;5001;Cordoba;Cordoba - Alta Cordoba
267;5001;Cordoba;Cordoba - Ayacucho
268;5001;Cordoba;Cordoba - Cda General Bustos
269;5001;Cordoba;Cordoba - Centro America
270;5001;Cordoba;Cordoba - General Bustos
271;5001;Cordoba;Cordoba - H Yrigoyen
272;5001;Cordoba;Cordoba - Hipolito Yrigoyen
273;5001;Cordoba;Cordoba - La Fraternidad
274;5002;Cordoba;Cordoba
275;5002;Cordoba;Cordoba - Alto Alberdi
276;5002;Cordoba;Cordoba - Estadio Chateau Carreras
277;5002;Cordoba;Cordoba - General Deheza
278;5002;Cordoba;Cordoba - Las Dalias
279;5002;Cordoba;Cordoba - Las Violetas
280;5002;Cordoba;Cordoba - Los Platanos
281;5002;Cordoba;Cordoba - Los Robles
282;5002;Cordoba;Cordoba - Parque Republica
283;5002;Cordoba;Cordoba - San Salvador
284;5002;Cordoba;Cordoba - Tranviario
285;5003;Cordoba;Cordoba
286;5003;Cordoba;Cordoba - A Alberdi / Marechal
287;5003;Cordoba;Cordoba - Alto Alberdi
288;5003;Cordoba;Cordoba - Chateau Carreras
289;5003;Cordoba;Cordoba - Gral Urquiza
290;5003;Cordoba;Cordoba - Las Violetas
291;5003;Cordoba;Cordoba - Parque Don Bosco
292;5003;Cordoba;Cordoba - Providencia
293;5003;Cordoba;Cordoba - Quebrada Las Rosas
294;5003;Cordoba;Cordoba - Res Ch Carreras
295;5003;Cordoba;Cordoba - Sale Sitram
296;5003;Cordoba;Cordoba - Villa Paez
297;5003;Cordoba;Cordoba - Villa Silburu
298;5003;Cordoba;Cordoba - Villa Urquiza
299;5004;Cordoba;Cordoba
300;5004;Cordoba;Cordoba - Alto Gralpaz
301;5004;Cordoba;Cordoba - Bajada De Piedra
302;5004;Cordoba;Cordoba - Gral Paz / Juniors
303;5004;Cordoba;Cordoba - Juniors
304;5004;Cordoba;Cordoba - Pueyrredon
305;5004;Cordoba;Cordoba - Renacimiento
306;5004;Cordoba;Cordoba - Villa Cabrera
307;5004;Cordoba;Cordoba - Yapeyu
308;5004;Cordoba;Cordoba - Yapeyu / A Gral Paz
309;5005;Cordoba;Cordoba
310;5006;Cordoba;Cordoba
311;5006;Cordoba;Cordoba - 1 De Mayo
312;5006;Cordoba;Cordoba - 1 De Mayo / Miralta
313;5006;Cordoba;Cordoba - Amp Empalme
314;5006;Cordoba;Cordoba - El Mirador
315;5006;Cordoba;Cordoba - Empalme Amp
316;5006;Cordoba;Cordoba - Ferriviario Mitre
317;5006;Cordoba;Cordoba - Los Ceibos
318;5006;Cordoba;Cordoba - Maldonado
319;5006;Cordoba;Cordoba - Mauller
320;5006;Cordoba;Cordoba - Parque San Vicente
321;5006;Cordoba;Cordoba - Renacimiento
322;5006;Cordoba;Cordoba - Renacimiento/1 De Mayo
323;5006;Cordoba;Cordoba - San Vicente
324;5006;Cordoba;Cordoba - San Vicente/Mauller
325;5007;Cordoba;Cordoba
326;5008;Cordoba;Cordoba
327;5008;Cordoba;Cordoba - El Condor
328;5008;Cordoba;Cordoba - Las Magnolias
329;5008;Cordoba;Cordoba - Las Margaritas
330;5008;Cordoba;Cordoba - Las Margaritas/A S Martin
331;5008;Cordoba;Cordoba - Lomas De San Martin
332;5008;Cordoba;Cordoba - Los Paraisos
333;5008;Cordoba;Cordoba - M De Sobremonte
334;5008;Cordoba;Cordoba - M Sobremonte
335;5008;Cordoba;Cordoba - Poeta Lugones
336;5008;Cordoba;Cordoba - San Martin
337;5008;Cordoba;Cordoba - San Martin Anexo
338;5008;Cordoba;Cordoba - San Martin N
339;5008;Cordoba;Cordoba - Villa Cabrera
340;5009;Cordoba;Cordoba
341;5009;Cordoba;Cordoba - A Centeno
342;5009;Cordoba;Cordoba - Alborada
343;5009;Cordoba;Cordoba - Alejandro Centeno
344;5009;Cordoba;Cordoba - Alto V Cabrera
345;5009;Cordoba;Cordoba - Alto Verde
346;5009;Cordoba;Cordoba - C Del Cerro
347;5009;Cordoba;Cordoba - Cerro Chico
348;5009;Cordoba;Cordoba - Cerro Las Rosas
349;5009;Cordoba;Cordoba - Col Del Cerro
350;5009;Cordoba;Cordoba - Colinas Del Cerro
351;5009;Cordoba;Cordoba - Las Margaritas/A S Martin
352;5009;Cordoba;Cordoba - Las Rosas
353;5009;Cordoba;Cordoba - Providencia - Villa Cabrera
354;5009;Cordoba;Cordoba - Santa Cecilia
355;5009;Cordoba;Cordoba - Tablada Park
356;5009;Cordoba;Cordoba - Urca
357;5009;Cordoba;Cordoba - V Centenario
358;5009;Cordoba;Cordoba - Villa Cabrera
359;5009;Cordoba;Cordoba - Villa Los Angeles
360;5009;Cordoba;Cordoba - Villa Marta
361;5010;Cordoba;Cordoba
362;5010;Cordoba;Cordoba - Aeronatico
363;5010;Cordoba;Cordoba - Aeronautico
364;5010;Cordoba;Cordoba - Ameghino Norte
365;5010;Cordoba;Cordoba - Avenida
366;5010;Cordoba;Cordoba - E Flores
367;5010;Cordoba;Cordoba - El Trebol
368;5010;Cordoba;Cordoba - Lamadrid
369;5010;Cordoba;Cordoba - Las Flores
370;5010;Cordoba;Cordoba - Los Granados
371;5010;Cordoba;Cordoba - Los Platanos
372;5010;Cordoba;Cordoba - Obrero
373;5010;Cordoba;Cordoba - San Francisco
374;5010;Cordoba;Cordoba - San Roque
375;5010;Cordoba;Cordoba - Santa Ana
376;5011;Cordoba;Cordoba
377;5011;Cordoba;Cordoba - Est Flores
378;5011;Cordoba;Cordoba - Estacion Flores
379;5011;Cordoba;Cordoba - Industrial
380;5011;Cordoba;Cordoba - Ivifa
381;5011;Cordoba;Cordoba - Parque Capital
382;5012;Cordoba;Cordoba
383;5012;Cordoba;Cordoba - Amp Residencial America
384;5012;Cordoba;Cordoba - Centro America
385;5012;Cordoba;Cordoba - General Savio
386;5012;Cordoba;Cordoba - Guayaquil
387;5012;Cordoba;Cordoba - Leandro N Alem
388;5012;Cordoba;Cordoba - Los Patricios Norte
389;5012;Cordoba;Cordoba - Nueva Italia
390;5012;Cordoba;Cordoba - Patricios
391;5012;Cordoba;Cordoba - Patricios O Y N
392;5012;Cordoba;Cordoba - Res America
393;5012;Cordoba;Cordoba - San Nicolas
394;5012;Cordoba;Cordoba - Villa Azalais
395;5012;Cordoba;Cordoba - Yofre Norte
396;5012;Cordoba;Cordoba - Yofre Norte/Sud
397;5013;Cordoba;Cordoba
398;5013;Cordoba;Cordoba - Palmar
399;5013;Cordoba;Cordoba - Palmar / Amp Palmar
400;5013;Cordoba;Cordoba - Villa Los Pinos
401;5013;Cordoba;Cordoba - Yofre Sud
402;5014;Cordoba;Cordoba
403;5014;Cordoba;Cordoba - Ampliacion San Pablo
404;5014;Cordoba;Cordoba - Carcano
405;5014;Cordoba;Cordoba - Celso
406;5014;Cordoba;Cordoba - Cerveceros
407;5014;Cordoba;Cordoba - Cnel Olmedo
408;5014;Cordoba;Cordoba - Colon
409;5014;Cordoba;Cordoba - Coronel Olmedo
410;5014;Cordoba;Cordoba - Crisol N
411;5014;Cordoba;Cordoba - Crisol Norte
412;5014;Cordoba;Cordoba - Ferroviario Mitre
413;5014;Cordoba;Cordoba - J Espinosa
414;5014;Cordoba;Cordoba - Jardin Del Pilar
415;5014;Cordoba;Cordoba - Jardin Espinosa
416;5014;Cordoba;Cordoba - Jardin/Res San Carlos
417;5014;Cordoba;Cordoba - Jose Ignacio Diaz Seccion 2
418;5014;Cordoba;Cordoba - Lourdes
419;5014;Cordoba;Cordoba - Ona/B Masse
420;5014;Cordoba;Cordoba - Palamaro Onofrio
421;5014;Cordoba;Cordoba - Res San Carlos/B Masse
422;5014;Cordoba;Cordoba - San Pablo/R S Carlos
423;5014;Cordoba;Cordoba - San Vicente
424;5014;Cordoba;Cordoba - Talleres Sud
425;5014;Cordoba;Cordoba - V San Carlos
426;5014;Cordoba;Cordoba - Villa Revol
427;5015;Cordoba;Cordoba
428;5016;Cordoba;Cordoba
429;5016;Cordoba;Cordoba - Altos De Velez Sarsfield
430;5016;Cordoba;Cordoba - Canaveral
431;5016;Cordoba;Cordoba - Celso
432;5016;Cordoba;Cordoba - Ipona/ S Fernando
433;5016;Cordoba;Cordoba - J Hipodromo
434;5016;Cordoba;Cordoba - Jardin
435;5016;Cordoba;Cordoba - Jardin/Res San Carlos
436;5016;Cordoba;Cordoba - Kennedy
437;5016;Cordoba;Cordoba - Las Flores
438;5016;Cordoba;Cordoba - Los Cerveceros
439;5016;Cordoba;Cordoba - Los Olmos
440;5016;Cordoba;Cordoba - Parque Latino
441;5016;Cordoba;Cordoba - Parque Los Molinos
442;5016;Cordoba;Cordoba - Parque Velez Sarsfield
443;5016;Cordoba;Cordoba - Pque Atlantica
444;5016;Cordoba;Cordoba - Res Country Club
445;5016;Cordoba;Cordoba - Resid Velez Sarsfield
446;5016;Cordoba;Cordoba - S Fernan/ Gral Artigas
447;5016;Cordoba;Cordoba - Suarez
448;5016;Cordoba;Cordoba - Velez Sarsfield
449;5016;Cordoba;Cordoba - Villa Eucaristica
450;5017;Cordoba;Cordoba
451;5017;Cordoba;Cordoba - A Carbo/Comercial
452;5017;Cordoba;Cordoba - Cabildo
453;5017;Cordoba;Cordoba - Colina Los Pinos
454;5017;Cordoba;Cordoba - Comercial
455;5017;Cordoba;Cordoba - Los Olmos Sur
456;5017;Cordoba;Cordoba - San Luis De Francia
457;5017;Cordoba;Cordoba - Santa Isabel 1
458;5017;Cordoba;Cordoba - Santa Isabel 2
459;5017;Cordoba;Cordoba - Santa Isabel 3
460;5017;Cordoba;Cordoba - Villa El Libertador
461;5018;Cordoba;Cordoba
462;5018;Cordoba;Cordoba - Saldan
463;5018;Cordoba;Cordoba - Villa Allende Parque
464;5018;Cordoba;Cordoba - Villa Rivera Indarte
465;5019;Cordoba;Cordoba
466;5019;Cordoba;Cordoba - 28
467;5019;Cordoba;Cordoba - Guinazu
468;5019;Cordoba;Cordoba - J L De Cabrera
469;5019;Cordoba;Cordoba - J L De La Cabrera
470;5019;Cordoba;Cordoba - Jorge Newbery
471;5019;Cordoba;Cordoba - Liceo 2
472;5019;Cordoba;Cordoba - Newbery/J L Cabrera
473;5019;Cordoba;Cordoba - Parque Liceo
474;5019;Cordoba;Cordoba - Parque Liceo 1 2 3
475;5019;Cordoba;Cordoba - Pque Liceo
476;5019;Cordoba;Cordoba - Remedios De Escalada
477;5020;Cordoba;Cordoba
478;5020;Cordoba;Cordoba - 25 De Mayo
479;5020;Cordoba;Cordoba - Alte Brown
480;5020;Cordoba;Cordoba - Avellaneda
481;5020;Cordoba;Cordoba - Dean Funes
482;5020;Cordoba;Cordoba - Ferreyra
483;5020;Cordoba;Cordoba - Ituzaingo Anexo
484;5020;Cordoba;Cordoba - Los Algarrobos
485;5020;Cordoba;Cordoba - Los Fresnos
486;5020;Cordoba;Cordoba - Los Huallacanes
487;5020;Cordoba;Cordoba - Los Mistoles
488;5020;Cordoba;Cordoba - Los Molles
489;5020;Cordoba;Cordoba - Los Sauces
490;5020;Cordoba;Cordoba - Los Talas
491;5020;Cordoba;Cordoba - Marcelo T De Alvear
492;5020;Cordoba;Cordoba - Rucci
493;5020;Cordoba;Cordoba - San Javier
494;5020;Cordoba;Cordoba - San Lorenzo Sud
495;5020;Cordoba;Cordoba - Villa Ofelia
496;5021;Cordoba;Cordoba
497;5021;Cordoba;Cordoba - Alborada
498;5021;Cordoba;Cordoba - Alto Hermoso
499;5021;Cordoba;Cordoba - Arguello
500;5021;Cordoba;Cordoba - Arguello Sur
501;5021;Cordoba;Cordoba - Arguello/Los Nogales
502;5021;Cordoba;Cordoba - El Mirador De La Recta
503;5021;Cordoba;Cordoba - El Refugio
504;5021;Cordoba;Cordoba - Granja De Funes
505;5021;Cordoba;Cordoba - Granja Funes
506;5021;Cordoba;Cordoba - Hermoso
507;5021;Cordoba;Cordoba - Lasalle
508;5021;Cordoba;Cordoba - Los Carolinos
509;5021;Cordoba;Cordoba - Parque Modelo
510;5021;Cordoba;Cordoba - Portal Del Jacaranda
511;5021;Cordoba;Cordoba - Portal Jacaranda
512;5021;Cordoba;Cordoba - Quintas De Arguello
513;5021;Cordoba;Cordoba - Residencial San Jose
514;5021;Cordoba;Cordoba - Santa Cecilia
515;5021;Cordoba;Cordoba - Villa Alborada
516;5021;Cordoba;Cordoba - Villa Arguello
517;5021;Cordoba;Cordoba - Villa Belgrano
518;5021;Cordoba;Cordoba - Villa Claret
519;5021;Cordoba;Cordoba - Villa Solferino
520;5021;Cordoba;Cordoba - Villa Warcalde
521;5021;Cordoba;Villa Allende
522;5022;Cordoba;Cordoba
523;5022;Cordoba;Cordoba - 9 De Julio
524;5022;Cordoba;Cordoba - Arguello
525;5022;Cordoba;Cordoba - Arguello Norte
526;5022;Cordoba;Cordoba - Autodromo
527;5022;Cordoba;Cordoba - Boulevares
528;5022;Cordoba;Cordoba - Brigadier San Martin
529;5022;Cordoba;Cordoba - Cerro Norte
530;5022;Cordoba;Cordoba - El Rincon
531;5022;Cordoba;Cordoba - Granja De Funes
532;5022;Cordoba;Cordoba - Granja Funes
533;5022;Cordoba;Cordoba - Granja Funes-Los Boulevares
534;5022;Cordoba;Cordoba - La Tablada
535;5022;Cordoba;Cordoba - Los Boulevares
536;5022;Cordoba;Cordoba - Mercantil
537;5022;Cordoba;Cordoba - Rivera Indarte
538;5022;Cordoba;Cordoba - Silvano Funes
539;5022;Cordoba;Cordoba - Suquia
540;5022;Cordoba;Cordoba - U O C R A
541;5022;Cordoba;Cordoba - Uocra
542;5022;Cordoba;Cordoba - Villa 9 De Julio
543;5022;Cordoba;Cordoba - Villa Cornu
544;5022;Cordoba;Cordoba - Villa Cornui
545;5022;Cordoba;Cordoba - Villa Serrana
546;5022;Cordoba;Cordoba - Walker
547;5023;Cordoba;Cordoba
548;5023;Cordoba;Cordoba - Comando 3 Cuerpo De Ejercito
549;5024;Cordoba;Cordoba
550;5029;Cordoba;Los Aguirres
551;5068;Cordoba;La Cumbre
552;5075;Cordoba;San Esteban
553;5100;Cordoba;Expediciàn Co
554;5101;Cordoba;Bajo De Fernandez
555;5101;Cordoba;Bajo Grande
556;5101;Cordoba;Capilla De Cosme
557;5101;Cordoba;Colonia Cosme Sud
558;5101;Cordoba;Colonia Tirolesa
559;5101;Cordoba;E De Artilleria
560;5101;Cordoba;El Gateado
561;5101;Cordoba;El Quebrachal
562;5101;Cordoba;General Las Heras
563;5101;Cordoba;La Cocha
564;5101;Cordoba;Lagunilla
565;5101;Cordoba;Las Playas Lozada
566;5101;Cordoba;Los Cedros
567;5101;Cordoba;Los Olivares
568;5101;Cordoba;Malagueno
569;5101;Cordoba;Paso Del Sauce
570;5101;Cordoba;Villa Esquiu
571;5101;Cordoba;Yocsina
572;5102;Cordoba;La Puerta
573;5103;Cordoba;Cordoba
574;5104;Cordoba;Lozada
575;5104;Cordoba;Tirolesa
576;5105;Cordoba;Villa Allende
577;5106;Cordoba;Villa Cerro Azul
578;5107;Cordoba;Agua De Oro
579;5107;Cordoba;Mendiolaza
580;5108;Cordoba;Mendiolaza
581;5109;Cordoba;Unquillo
582;5110;Cordoba;Malagueno
583;5111;Cordoba;Candonga
584;5111;Cordoba;Rio Ceballos
585;5112;Cordoba;Santa Ana
586;5113;Cordoba;Salsipuedes
587;5114;Cordoba;El Manzano
588;5115;Cordoba;La Granja
589;5117;Cordoba;Asconchinga
590;5117;Cordoba;La Pampa
591;5117;Cordoba;La Paz
592;5117;Cordoba;San Jorge
593;5117;Cordoba;San Miguel
594;5118;Cordoba;Monte Ralo
595;5119;Cordoba;Alto De Fierro
596;5119;Cordoba;Alto Del Durazno
597;5119;Cordoba;Bouwer
598;5119;Cordoba;Coronel Olmedo
599;5119;Cordoba;Duarte Quiros
600;5119;Cordoba;La Lagunilla
601;5119;Cordoba;Monte Gde R Garcia
602;5119;Cordoba;Monte Ralo
603;5119;Cordoba;San Antonio Norte
604;5120;Cordoba;Laboulaye
605;5121;Cordoba;Alto Alegre
606;5121;Cordoba;Buena Vista
607;5121;Cordoba;Despeqaderos
608;5121;Cordoba;Despenaderos
609;5121;Cordoba;San Antonio
610;5123;Cordoba;Barrio Dean Funes
611;5123;Cordoba;Ferreyra (Cordoba)
612;5123;Cordoba;Toledo
613;5124;Cordoba;Santiago Temple
614;5124;Cordoba;Santiago Temple (Cordoba)
615;5125;Cordoba;C Sagrada Familia
616;5125;Cordoba;Capilla De Dolores
617;5125;Cordoba;Constitucion
618;5125;Cordoba;Higuerillas
619;5125;Cordoba;Kilometro 658
620;5125;Cordoba;Kilometro 691
621;5125;Cordoba;La Celina
622;5125;Cordoba;Los Chanaritos
623;5125;Cordoba;Malvinas Argentinas
624;5125;Cordoba;Monte Cristo
625;5125;Cordoba;Pozo De La Loma
626;5125;Cordoba;Santiago Temple
627;5126;Cordoba;Malvinas Argentinas
628;5127;Cordoba;Charcas Norte
629;5127;Cordoba;Las Cabras
630;5127;Cordoba;Los Guindos
631;5127;Cordoba;Los Mansillas
632;5127;Cordoba;Pedro E Vivas
633;5127;Cordoba;Rio Primero
634;5127;Cordoba;Tala Sud
635;5128;Cordoba;Mi Granja
636;5129;Cordoba;Capilla La Espza
637;5129;Cordoba;Castellanos
638;5129;Cordoba;Comechingones
639;5129;Cordoba;El Crispin
640;5129;Cordoba;Espinillo
641;5129;Cordoba;Isla Del Cerro
642;5129;Cordoba;Isla Larga
643;5129;Cordoba;La Buena Parada
644;5129;Cordoba;La Estrella
645;5129;Cordoba;Las Acacias
646;5129;Cordoba;Las Piguas
647;5129;Cordoba;Punta Del Agua
648;5130;Cordoba;Piquillin
649;5131;Cordoba;Buey Muerto
650;5131;Cordoba;El Alcalde
651;5131;Cordoba;Esperanza
652;5131;Cordoba;Esquina
653;5131;Cordoba;Las Higuerillas
654;5131;Cordoba;Pueblo Pianelli
655;5131;Cordoba;Puesto De Afuera
656;5131;Cordoba;Quebrachos
657;5131;Cordoba;Rangel
658;5131;Cordoba;Tala Norte
659;5133;Cordoba;El Carrizal
660;5133;Cordoba;El Espinal
661;5133;Cordoba;La Cienaga
662;5133;Cordoba;Los Alvarez
663;5133;Cordoba;Los Chaqares
664;5133;Cordoba;Pozo De La Esquina
665;5133;Cordoba;S Rosa De Rio 1:
666;5133;Cordoba;Santa Rosa De Rio Primero
667;5133;Cordoba;Villa Santa Rosa
668;5134;Cordoba;Villa Fontana
669;5135;Cordoba;C Ancha S. Rosa
670;5135;Cordoba;C Las Cuatro Esqs
671;5135;Cordoba;Colonia El Fortin
672;5135;Cordoba;Corral De Gomez
673;5135;Cordoba;Las Averias
674;5135;Cordoba;Las Gramillas
675;5135;Cordoba;M De Toro Pujio
676;5135;Cordoba;Pozo La Piedra
677;5135;Cordoba;Tordilla Norte
678;5136;Cordoba;Diego De Rojas
679;5136;Cordoba;La Quinta
680;5137;Cordoba;Balneario Guglieri
681;5137;Cordoba;C La Argentina
682;5137;Cordoba;Colonia Caqadon
683;5137;Cordoba;Colonia Yareta
684;5137;Cordoba;Costa Del Castaqo
685;5137;Cordoba;El Bagual
686;5137;Cordoba;El Tostado
687;5137;Cordoba;Kilometro 294
688;5137;Cordoba;Kilometro 316
689;5137;Cordoba;La Mostaza
690;5137;Cordoba;La Para
691;5137;Cordoba;La Puerta
692;5137;Cordoba;Las Hileras
693;5137;Cordoba;Las Saladas
694;5137;Cordoba;Lomas Del Trozo
695;5137;Cordoba;Los Aviles
696;5137;Cordoba;Los Castaqos
697;5137;Cordoba;Los Cerros
698;5137;Cordoba;Los Miguelitos
699;5137;Cordoba;Plaza De Mercedes
700;5137;Cordoba;Pzo D Los Troncos
701;5137;Cordoba;San Ramon
702;5137;Cordoba;Soledad
703;5137;Cordoba;Villa Mar Chiquita
704;5138;Cordoba;La Puerta
705;5139;Cordoba;Campo Coyunda
706;5139;Cordoba;Corral De Gomez
707;5139;Cordoba;El Tesoro
708;5139;Cordoba;Kilometro 271
709;5139;Cordoba;P Rio Plujunta
710;5139;Cordoba;Playa Grande
711;5139;Cordoba;Primavera
712;5139;Cordoba;San Rafael
713;5141;Cordoba;Balnearia
714;5141;Cordoba;Jeronimo Cortes
715;5141;Cordoba;Plujunta
716;5142;Cordoba;La Cautiba
717;5142;Cordoba;La Serranita
718;5143;Cordoba;Barrio Muller
719;5143;Cordoba;Miramar
720;5143;Cordoba;Vacas Blancas
721;5144;Cordoba;Recreo Victoria
722;5145;Cordoba;Estacion General Paz
723;5145;Cordoba;Guinazu
724;5145;Cordoba;Juarez Celman
725;5146;Cordoba;Mayu Sumaj
726;5147;Cordoba;Arguello
727;5147;Cordoba;V S. Cruz Del Lago
728;5148;Cordoba;Los Molinos
729;5149;Cordoba;Cas Ffousth E Fcgb
730;5149;Cordoba;Dique San Roque
731;5149;Cordoba;Kilometro 608
732;5149;Cordoba;R.Indarte
733;5149;Cordoba;Saldan
734;5149;Cordoba;San Roque
735;5149;Cordoba;Villa Warcarde
736;5150;Cordoba;Saldan
737;5151;Cordoba;La Calera
738;5151;Cordoba;La Calera - Cba
739;5152;Cordoba;Cuesta Blanca
740;5152;Cordoba;V Parque Siquiman
741;5152;Cordoba;Villa Carlos Paz
742;5152;Cordoba;Villa Parque Siquiman
743;5152;Cordoba;Villa Santa Cruz Del Lago
744;5153;Cordoba;Copina
745;5153;Cordoba;Puesto Guzman
746;5153;Cordoba;S Ant De Arredondo
747;5153;Cordoba;San Antonio De Arredondo
748;5153;Cordoba;Tala Huasi
749;5153;Cordoba;V Cuesta Blanca
750;5153;Cordoba;Villa Costa Azul
751;5153;Cordoba;Ycho Cruz Sierras
752;5154;Cordoba;Villa Carlos Paz
753;5155;Cordoba;Agua De Tala
754;5155;Cordoba;Angostura
755;5155;Cordoba;Batan
756;5155;Cordoba;Buen Retiro
757;5155;Cordoba;C Banco Pcia Bs As
758;5155;Cordoba;Casa Nueva
759;5155;Cordoba;Cuchilla Nevada
760;5155;Cordoba;Dos Rios
761;5155;Cordoba;El Durazno
762;5155;Cordoba;El Peruel
763;5155;Cordoba;El Pilcado
764;5155;Cordoba;El Potrero
765;5155;Cordoba;El Vergel
766;5155;Cordoba;Estancia Dos Rios
767;5155;Cordoba;Guasta
768;5155;Cordoba;La Caqada
769;5155;Cordoba;Los Gigantes
770;5155;Cordoba;Mallin
771;5155;Cordoba;Tanti
772;5155;Cordoba;Tanti Lomas
773;5155;Cordoba;Tanti Nuevo
774;5155;Cordoba;Villa Flor Serrana
775;5156;Cordoba;V Suiza Argentina
776;5156;Cordoba;Villa Suiza Argentina
777;5158;Cordoba;Bialet Masse
778;5158;Cordoba;Las Casitas
779;5158;Cordoba;Los Puentes
780;5158;Cordoba;Parque Siquiman
781;5159;Cordoba;Villa Rio Ycho Cruz
782;5160;Cordoba;Distrito Pueblo
783;5161;Cordoba;Ycho Cruz Sierras
784;5162;Cordoba;Casa Grande
785;5164;Cordoba;Domingo Funes
786;5164;Cordoba;S. M De Punilla
787;5164;Cordoba;San Buenaventura
788;5164;Cordoba;Santa Maria De Punilla
789;5164;Cordoba;Villa Bustos
790;5164;Cordoba;Villa Caeiro
791;5165;Cordoba;H Flia Dgo Funes
792;5165;Cordoba;Sanatorio Santa Maria
793;5166;Cordoba;Cosquin
794;5166;Cordoba;El Perchel
795;5166;Cordoba;Kilometro 592
796;5166;Cordoba;Molinari
797;5166;Cordoba;Pampa De Olaen
798;5166;Cordoba;San Jose
799;5166;Cordoba;Santa Rosa
800;5166;Cordoba;Villa Ahora
801;5167;Cordoba;Villa Anisacate
802;5168;Cordoba;D Las Vaquerias
803;5168;Cordoba;Irigoyen
804;5168;Cordoba;Kilometro 579
805;5168;Cordoba;La Cantera
806;5168;Cordoba;La Usina
807;5168;Cordoba;Los Helechos
808;5168;Cordoba;Piedra Grande
809;5168;Cordoba;Valle Hermoso
810;5169;Cordoba;Villa El Descanso
811;5170;Cordoba;Villa La Bolsa
812;5172;Cordoba;El Callejon
813;5172;Cordoba;El Cuadrado
814;5172;Cordoba;El Puente
815;5172;Cordoba;El Vallecito
816;5172;Cordoba;Gr De San Antonio
817;5172;Cordoba;La Falda
818;5172;Cordoba;La Primavera
819;5172;Cordoba;La Quebrada
820;5172;Cordoba;Las Playas
821;5172;Cordoba;Piedras Grandes
822;5172;Cordoba;Rio Grande
823;5174;Cordoba;Alto De San Pedro
824;5174;Cordoba;Huerta Grande
825;5174;Cordoba;Piedra Movediza
826;5174;Cordoba;Piedras Blancas
827;5174;Cordoba;S Rosa Huerta Gde
828;5175;Cordoba;Casa Serrana
829;5176;Cordoba;Villa Giardino
830;5177;Cordoba;Barrio De Galli
831;5178;Cordoba;Cascadas
832;5178;Cordoba;Cruz Chica
833;5178;Cordoba;El Pingo
834;5178;Cordoba;La Cumbre
835;5180;Cordoba;La Cumbre
836;5182;Cordoba;Alto Castro
837;5182;Cordoba;Dolores S Esteban
838;5182;Cordoba;Dolores San Esteban
839;5182;Cordoba;El Baldecito
840;5182;Cordoba;El Vado
841;5182;Cordoba;Las Pampillas
842;5182;Cordoba;Los Cocos
843;5182;Cordoba;Los Mogotes
844;5182;Cordoba;San Esteban
845;5182;Cordoba;San Ignacio
846;5182;Cordoba;Sauce Arriba
847;5184;Cordoba;Cajon Del Rio
848;5184;Cordoba;Capilla Del Monte
849;5184;Cordoba;Caq De Los Mogotes
850;5184;Cordoba;Corimayo
851;5184;Cordoba;El Aguila Blanca
852;5184;Cordoba;El Zapato
853;5184;Cordoba;La Piedra Movediza
854;5184;Cordoba;Las Gemelas
855;5184;Cordoba;Las Vaquerias
856;5184;Cordoba;Los Terrones
857;5184;Cordoba;Ongamira
858;5184;Cordoba;Punilla
859;5184;Cordoba;Quebrada De Nona
860;5184;Cordoba;Suncho Huico
861;5184;Cordoba;Uritorco
862;5186;Cordoba;Alta Gracia
863;5186;Cordoba;Bosque Alegre
864;5186;Cordoba;Canteras Alta Grac
865;5186;Cordoba;La Isla
866;5186;Cordoba;La Isolina
867;5186;Cordoba;La Paisanita
868;5186;Cordoba;La Punta Del Agua
869;5186;Cordoba;Las Higueritas
870;5186;Cordoba;Potrero De Tutzer
871;5186;Cordoba;V C Pellegrini
872;5186;Cordoba;Villa Del Prado
873;5186;Cordoba;Villa Los Aromos
874;5186;Cordoba;Villa Santa Maria
875;5187;Cordoba;Golpe De Agua
876;5187;Cordoba;La Falda Del Carm
877;5187;Cordoba;La Falda Del Carmen
878;5187;Cordoba;La Granadilla
879;5187;Cordoba;Los Paraisos
880;5187;Cordoba;San Clemente
881;5187;Cordoba;San Nicolas
882;5188;Cordoba;San Esteban
883;5189;Cordoba;Anisacate
884;5189;Cordoba;Bajo Chico
885;5189;Cordoba;Bajo Del Carmen
886;5189;Cordoba;C San Igancio
887;5189;Cordoba;C. De Anizacate
888;5189;Cordoba;Colonia San Isidro
889;5189;Cordoba;Colonia Toro Pujio
890;5189;Cordoba;Dos Arroyos
891;5189;Cordoba;F De Los Reartes
892;5189;Cordoba;Fabrica Militar
893;5189;Cordoba;J De La Quintana
894;5189;Cordoba;Jose De La Quintana
895;5189;Cordoba;La Betania
896;5189;Cordoba;Los Algarrobos
897;5189;Cordoba;Obregon
898;5189;Cordoba;Potrero De Funes
899;5189;Cordoba;Potrero De Garay
900;5189;Cordoba;Puesto Mulita
901;5189;Cordoba;Rio Los Molinos
902;5189;Cordoba;Santa Rita
903;5189;Cordoba;Sierras Morenas
904;5189;Cordoba;Solar Los Molinos
905;5189;Cordoba;Tercera
906;5189;Cordoba;V C De America
907;5189;Cordoba;V La Rancherita
908;5189;Cordoba;Villa Ciudad De America
909;5189;Cordoba;Villa Satite
910;5191;Cordoba;Calmayo
911;5191;Cordoba;Cerro Blanco
912;5191;Cordoba;Potrero De Lujan
913;5191;Cordoba;San Agustin
914;5191;Cordoba;Soconcho
915;5192;Cordoba;Dique Los Molinos
916;5193;Cordoba;Los Sarmientos
917;5194;Cordoba;Atos Pampa
918;5194;Cordoba;La Cumbrecita
919;5194;Cordoba;Los Reartes
920;5194;Cordoba;V General Belgrano
921;5194;Cordoba;Villa Alpina
922;5194;Cordoba;Villa General Belgrano
923;5196;Cordoba;Arroyo Seco
924;5196;Cordoba;Atumi Pampa
925;5196;Cordoba;Caqada Del Durazno
926;5196;Cordoba;Carahuasi
927;5196;Cordoba;Colonia Alemana
928;5196;Cordoba;Colonia La Calle
929;5196;Cordoba;El P De La Montaqa
930;5196;Cordoba;El Portezuelo
931;5196;Cordoba;El Sauce
932;5196;Cordoba;La Choza
933;5196;Cordoba;S R De Calamuchita
934;5196;Cordoba;Santa Rosa De Calamuchita
935;5196;Cordoba;Sarlaco
936;5197;Cordoba;El Carmen
937;5197;Cordoba;Rincon De Luna
938;5197;Cordoba;Rio Del Durazno
939;5197;Cordoba;Rio Grande  Amboy
940;5197;Cordoba;Santa Monica
941;5197;Cordoba;Villa El Corcovado
942;5197;Cordoba;Vista Alegre
943;5197;Cordoba;Y Calamuchita
944;5197;Cordoba;Yacanto Calamuchita
945;5199;Cordoba;Amboy
946;5199;Cordoba;C De Las Chacras
947;5199;Cordoba;Las Higueritas
948;5199;Cordoba;Las Sierritas
949;5199;Cordoba;Mar Azul
950;5199;Cordoba;San Ignacio
951;5199;Cordoba;San Roque
952;5199;Cordoba;Villa Amancay
953;5199;Cordoba;Villa El Torreon
954;5199;Cordoba;Villa Lago Azul
955;5199;Cordoba;Villa San Javier
956;5200;Cordoba;Canteras Km 428
957;5200;Cordoba;Caqada Del Simbol
958;5200;Cordoba;Cerro De La Cruz
959;5200;Cordoba;Corito
960;5200;Cordoba;Dean Funes
961;5200;Cordoba;El Portillo
962;5200;Cordoba;Ingeniero Bertini
963;5200;Cordoba;Kilometro 430
964;5200;Cordoba;Kilometro 832
965;5200;Cordoba;La Isabela
966;5200;Cordoba;La Mesada
967;5200;Cordoba;Las Pencas
968;5200;Cordoba;Los Puestitos
969;5200;Cordoba;P De Los Rodriguez
970;5200;Cordoba;Puesto De Cerro
971;5200;Cordoba;Puesto Del Medio
972;5200;Cordoba;Sajon
973;5200;Cordoba;San Bernardo
974;5200;Cordoba;San Pedro De Toyos
975;5200;Cordoba;San Vicente
976;5200;Cordoba;Santa Rita
977;5200;Cordoba;Sauce Chiquito
978;5200;Cordoba;Sauce Punco
979;5200;Cordoba;Toro Muerto
980;5200;Cordoba;Yerba Buena
981;5201;Cordoba;Calasuya
982;5201;Cordoba;Calchin
983;5201;Cordoba;Chuqa Huasi
984;5201;Cordoba;Copacabana
985;5201;Cordoba;El Carr Chuqaguasi
986;5201;Cordoba;El Pertigo
987;5201;Cordoba;El Rodeito
988;5201;Cordoba;El Tala
989;5201;Cordoba;Ischilin
990;5201;Cordoba;La Batalla
991;5201;Cordoba;La Caqada S Cruz
992;5201;Cordoba;La Colonia
993;5201;Cordoba;La Higuerita
994;5201;Cordoba;La Posta Chuqaguas
995;5201;Cordoba;La Zanja
996;5201;Cordoba;Las Aguaditas
997;5201;Cordoba;Las Caqas
998;5201;Cordoba;Las Crucecitas
999;5201;Cordoba;Las Palmas
1000;5201;Cordoba;Las Palomitas
1001;5201;Cordoba;Lobera
1002;5201;Cordoba;Los Brinzes
1003;5201;Cordoba;Los Cejas
1004;5201;Cordoba;Los Coquitos
1005;5201;Cordoba;Los Ruices
1006;5201;Cordoba;Santa Cruz
1007;5201;Cordoba;Todos Los Santos
1008;5201;Cordoba;Totrilla
1009;5201;Cordoba;Villa Colimba
1010;5203;Cordoba;Alto De Flores
1011;5203;Cordoba;El Ojo De Agua
1012;5203;Cordoba;El Paso
1013;5203;Cordoba;Espinillo
1014;5203;Cordoba;Iti Huasi
1015;5203;Cordoba;Las Juntas
1016;5203;Cordoba;Majadilla
1017;5203;Cordoba;Tulumba
1018;5205;Cordoba;Alto Verde
1019;5205;Cordoba;Camarones
1020;5205;Cordoba;El Cerrito
1021;5205;Cordoba;El Rosario
1022;5205;Cordoba;La Laguna
1023;5205;Cordoba;Sevilla
1024;5209;Cordoba;Aguada Del Monte
1025;5209;Cordoba;Aguadita
1026;5209;Cordoba;Campo Alegre
1027;5209;Cordoba;Caspichuma
1028;5209;Cordoba;Caspicuchana
1029;5209;Cordoba;Invernada
1030;5209;Cordoba;Jarillas
1031;5209;Cordoba;Jume
1032;5209;Cordoba;La Quinta
1033;5209;Cordoba;La Totorilla
1034;5209;Cordoba;Las Jarillas
1035;5209;Cordoba;Loma Blanca
1036;5209;Cordoba;Majadilla
1037;5209;Cordoba;Movado
1038;5209;Cordoba;Navarro
1039;5209;Cordoba;Pozo Nuevo
1040;5209;Cordoba;Rodeito
1041;5209;Cordoba;Santa Ana
1042;5209;Cordoba;Santo Domingo
1043;5209;Cordoba;Socorro
1044;5211;Cordoba;La Aguada
1045;5211;Cordoba;Macha
1046;5212;Cordoba;Avellaneda
1047;5212;Cordoba;Barranca Yaco
1048;5212;Cordoba;El Coro
1049;5212;Cordoba;El Talita
1050;5212;Cordoba;Juan Garcia
1051;5212;Cordoba;Kilometro 807
1052;5212;Cordoba;Kilometro 827
1053;5212;Cordoba;La Majada
1054;5212;Cordoba;Las Delicias
1055;5212;Cordoba;Las Lomitas
1056;5212;Cordoba;Las Manzanas
1057;5212;Cordoba;Los Chaqares
1058;5212;Cordoba;Los Pedernales
1059;5212;Cordoba;Los Pozos
1060;5212;Cordoba;Sarmiento
1061;5212;Cordoba;Villa Gutierrez
1062;5214;Cordoba;El Baqado
1063;5214;Cordoba;El Molino
1064;5214;Cordoba;El Veinticinco
1065;5214;Cordoba;Isla De S Antonio
1066;5214;Cordoba;Kilometro 859
1067;5214;Cordoba;Kilometro 865
1068;5214;Cordoba;Kilometro 881
1069;5214;Cordoba;La Barranca
1070;5214;Cordoba;La Botija
1071;5214;Cordoba;La Florida
1072;5214;Cordoba;La Ruda
1073;5214;Cordoba;Las Chacras
1074;5214;Cordoba;Las Toscas
1075;5214;Cordoba;Los Cadillos
1076;5214;Cordoba;Los Morteros
1077;5214;Cordoba;Los Socabones
1078;5214;Cordoba;Orcosuni
1079;5214;Cordoba;Puesto De Arriba
1080;5214;Cordoba;Quilino
1081;5215;Cordoba;Villa Quilino
1082;5216;Cordoba;Acollarado
1083;5216;Cordoba;Agua Hedionda
1084;5216;Cordoba;Arbol Blanco
1085;5216;Cordoba;El Tuscal
1086;5216;Cordoba;Kilometro 907
1087;5216;Cordoba;Kilometro 931
1088;5216;Cordoba;Las Caqas
1089;5216;Cordoba;Lucio V Mansilla
1090;5216;Cordoba;S Jose D L Salinas
1091;5216;Cordoba;San Jose
1092;5216;Cordoba;San Jose De Las Salinas
1093;5216;Cordoba;Totoralejos
1094;5216;Cordoba;Tuscal
1095;5218;Cordoba;Caqada De Mayo
1096;5218;Cordoba;Chuqa
1097;5218;Cordoba;Chuna
1098;5218;Cordoba;El Chanchito
1099;5218;Cordoba;El Jume
1100;5218;Cordoba;El Mojoncito
1101;5218;Cordoba;El P Los Cabrera
1102;5218;Cordoba;El Paraiso
1103;5218;Cordoba;El Quebracho
1104;5218;Cordoba;El Ranchito
1105;5218;Cordoba;Jaime Peter
1106;5218;Cordoba;Kilometro 450
1107;5218;Cordoba;La Aura
1108;5218;Cordoba;La Caqada Angosta
1109;5218;Cordoba;Las Canteras
1110;5218;Cordoba;Las Tuscas
1111;5218;Cordoba;Los Tartagos
1112;5218;Cordoba;Puesto De Batalla
1113;5220;Cordoba;Jesus Maria
1114;5221;Cordoba;A De Las Piedras
1115;5221;Cordoba;Algarrobo
1116;5221;Cordoba;Bajo De Olmos
1117;5221;Cordoba;C De Rio Pinto
1118;5221;Cordoba;Cabindo
1119;5221;Cordoba;Campo Alegre
1120;5221;Cordoba;Campo La Piedra
1121;5221;Cordoba;Candelaria
1122;5221;Cordoba;Caqada De Jume
1123;5221;Cordoba;Caqada De Mateo
1124;5221;Cordoba;Caqadas Hondas
1125;5221;Cordoba;Canada De Rio Pinto
1126;5221;Cordoba;Cerro Negro
1127;5221;Cordoba;Corral De Barranca
1128;5221;Cordoba;Cruz Del Quemado
1129;5221;Cordoba;Dr Nicasio S Oroqo
1130;5221;Cordoba;El Algarrobo
1131;5221;Cordoba;Espinillo
1132;5221;Cordoba;La Porteqa
1133;5221;Cordoba;Las Palmitas
1134;5221;Cordoba;Los Cometierra
1135;5221;Cordoba;Los Miquiles
1136;5221;Cordoba;Miquilos
1137;5221;Cordoba;Pozo Conca
1138;5221;Cordoba;Pozo Correa
1139;5221;Cordoba;Quiscasacate
1140;5221;Cordoba;Rio De Los Sauces
1141;5221;Cordoba;Rio De Los Talas
1142;5221;Cordoba;Rio Pinto
1143;5221;Cordoba;San Lorenzo
1144;5221;Cordoba;San Pellegrino
1145;5221;Cordoba;Santa Catalina
1146;5221;Cordoba;Santa Sabina
1147;5221;Cordoba;Santa Teresa
1148;5221;Cordoba;Sinsacate
1149;5221;Cordoba;Villa Albertina
1150;5221;Cordoba;Villa Cerro Negro
1151;5223;Cordoba;Caroya
1152;5223;Cordoba;Colonia Caroya
1153;5225;Cordoba;Atahona
1154;5225;Cordoba;Campo Ramallo
1155;5225;Cordoba;Isla Verde
1156;5225;Cordoba;Las Bandurrias N
1157;5225;Cordoba;Los Algarrobitos
1158;5225;Cordoba;Los Pozos
1159;5225;Cordoba;Miguelito
1160;5225;Cordoba;Obispo Trejo
1161;5225;Cordoba;Pozo Del Moro
1162;5225;Cordoba;Puesto De Pucheta
1163;5225;Cordoba;Ramallo
1164;5227;Cordoba;Caqada Honda
1165;5227;Cordoba;La Posta
1166;5227;Cordoba;Las Palmitas
1167;5227;Cordoba;Maquinista Gallini
1168;5227;Cordoba;Puesto De Fierro
1169;5227;Cordoba;San Roque
1170;5227;Cordoba;San Salvador
1171;5229;Cordoba;Cabeza De Buey
1172;5229;Cordoba;Campo Alvarez
1173;5229;Cordoba;Caqada De Luque
1174;5229;Cordoba;Canada De Luque
1175;5229;Cordoba;Chalacea
1176;5229;Cordoba;Desvio Chalacea
1177;5229;Cordoba;E Las Mercedes
1178;5229;Cordoba;El Bosque
1179;5229;Cordoba;Estancia Bottaro
1180;5229;Cordoba;Estancia El Taco
1181;5229;Cordoba;Estancia Las Rosas
1182;5229;Cordoba;Kilometro 364
1183;5229;Cordoba;La Dora
1184;5229;Cordoba;Los Mistoles
1185;5229;Cordoba;Santa Lucia
1186;5229;Cordoba;Tintizaco
1187;5229;Cordoba;Totoral
1188;5231;Cordoba;Bajo Hondo
1189;5231;Cordoba;Camoati
1190;5231;Cordoba;Campo Grande
1191;5231;Cordoba;Candelaria Sud
1192;5231;Cordoba;El Durazno
1193;5231;Cordoba;El Guanaco
1194;5231;Cordoba;El Rincon
1195;5231;Cordoba;El Vence
1196;5231;Cordoba;L A Providencia
1197;5231;Cordoba;La Caqada
1198;5231;Cordoba;La Esperanza
1199;5231;Cordoba;La Maza
1200;5231;Cordoba;La Palma
1201;5231;Cordoba;La Penca
1202;5231;Cordoba;Las Aromas
1203;5231;Cordoba;Las Arrias
1204;5231;Cordoba;Las Masitas
1205;5231;Cordoba;Las Palmas
1206;5231;Cordoba;Providencia
1207;5231;Cordoba;Puesto De Luna
1208;5231;Cordoba;Tajamares
1209;5233;Cordoba;La Rinconada
1210;5233;Cordoba;Tajamares
1211;5235;Cordoba;Candelaria Norte
1212;5236;Cordoba;Villa Del Totoral
1213;5236;Cordoba;Villa General Mitre
1214;5236;Cordoba;Villa Totoral (Cordoba)
1215;5237;Cordoba;Carrizal Tama
1216;5238;Cordoba;C Los Morales
1217;5238;Cordoba;Kilometro 394
1218;5238;Cordoba;Las Peqas
1219;5238;Cordoba;Las Penas
1220;5242;Cordoba;Chacras Viejas
1221;5242;Cordoba;Puesto San Jose
1222;5242;Cordoba;San Jose
1223;5242;Cordoba;Simbolar
1224;5243;Cordoba;Agua Del Tala
1225;5244;Cordoba;Beuce
1226;5244;Cordoba;Caqada Del Tala
1227;5244;Cordoba;Chacras Del Sauce
1228;5244;Cordoba;Chipitin
1229;5244;Cordoba;Durazno
1230;5244;Cordoba;E El Nacional
1231;5244;Cordoba;El Desmonte
1232;5244;Cordoba;El Guindo
1233;5244;Cordoba;El Pantano
1234;5244;Cordoba;El Perchel
1235;5244;Cordoba;El Sebil
1236;5244;Cordoba;Guallascate
1237;5244;Cordoba;La Costa
1238;5244;Cordoba;La Higuerita
1239;5244;Cordoba;La Plaza
1240;5244;Cordoba;Laguna Brava
1241;5244;Cordoba;Laguna De Gomez
1242;5244;Cordoba;Las Horquetas
1243;5244;Cordoba;Las Lomitas
1244;5244;Cordoba;Las Quintas
1245;5244;Cordoba;Loma De Piedra
1246;5244;Cordoba;Los Alamos
1247;5244;Cordoba;Los Pozos
1248;5244;Cordoba;Miraflores
1249;5244;Cordoba;Pisco Huasi
1250;5244;Cordoba;Pozo Solo
1251;5244;Cordoba;Puesto Viejo
1252;5244;Cordoba;S Jose D L Dormida
1253;5244;Cordoba;San Gabriel
1254;5244;Cordoba;San Jose De La Dormida
1255;5245;Cordoba;Caminiaga
1256;5246;Cordoba;Barreto
1257;5246;Cordoba;Carnero Yaco
1258;5246;Cordoba;Casas Vejas
1259;5246;Cordoba;Chaqar Viejo
1260;5246;Cordoba;Chile C Al Agauda
1261;5246;Cordoba;Chilli Corral
1262;5246;Cordoba;Churqui
1263;5246;Cordoba;Churqui Caqada
1264;5246;Cordoba;Corral Viejo
1265;5246;Cordoba;El  Pantanillo
1266;5246;Cordoba;El Rodeo
1267;5246;Cordoba;La Piedra Blanca
1268;5246;Cordoba;Ladera Yacus
1269;5246;Cordoba;Las Caqas
1270;5246;Cordoba;Las Gramillas
1271;5246;Cordoba;Las Trancas
1272;5246;Cordoba;Lo Machado
1273;5246;Cordoba;Los Cajones
1274;5246;Cordoba;Los Cerrillos
1275;5246;Cordoba;Los Cocos
1276;5246;Cordoba;Los Quebrachos
1277;5246;Cordoba;Los Troncos
1278;5246;Cordoba;Paso Del Silverio
1279;5246;Cordoba;Pozo De Juancho
1280;5246;Cordoba;Rayo Cortado
1281;5246;Cordoba;Rio Pedro
1282;5246;Cordoba;Rojas
1283;5246;Cordoba;Santa Elena
1284;5246;Cordoba;Vanguardia
1285;5248;Cordoba;Agua De Oro
1286;5248;Cordoba;Balbuena
1287;5248;Cordoba;Baqado Del Fuerte
1288;5248;Cordoba;Caqa Cruz
1289;5248;Cordoba;Caqada De Coria
1290;5248;Cordoba;El Baqado
1291;5248;Cordoba;El Coro
1292;5248;Cordoba;El Gabino
1293;5248;Cordoba;El Gallego
1294;5248;Cordoba;El Jordan
1295;5248;Cordoba;El Laurel
1296;5248;Cordoba;El Prado
1297;5248;Cordoba;El Puesto
1298;5248;Cordoba;El Silverio
1299;5248;Cordoba;Eufrasio Loza
1300;5248;Cordoba;La Barranca
1301;5248;Cordoba;La Pintada
1302;5248;Cordoba;Las Cardas
1303;5248;Cordoba;Pocito Del Campo
1304;5248;Cordoba;San Igancio
1305;5248;Cordoba;Santa Catalina
1306;5248;Cordoba;Santanilla
1307;5248;Cordoba;Villa De Maria
1308;5248;Cordoba;Villa Maria De Rio Seco
1309;5248;Cordoba;Yanacato
1310;5249;Cordoba;Buena Vista
1311;5249;Cordoba;El Algarrobal
1312;5249;Cordoba;El Durazno
1313;5249;Cordoba;El Mangrullo
1314;5249;Cordoba;El Rodeo
1315;5249;Cordoba;El Simbol
1316;5249;Cordoba;El Tule
1317;5249;Cordoba;Estancia Patiqo
1318;5249;Cordoba;Gutemberg
1319;5249;Cordoba;La Cruz
1320;5249;Cordoba;La Quintana
1321;5249;Cordoba;La R.Ada Candelari
1322;5249;Cordoba;Las Flores
1323;5249;Cordoba;Los Hoyos
1324;5249;Cordoba;Los Justes
1325;5249;Cordoba;Los Pocitos
1326;5249;Cordoba;Puerta De Los Rios
1327;5249;Cordoba;Punta Del Monte
1328;5249;Cordoba;Pzo De Los Arboles
1329;5249;Cordoba;Rio Dulce
1330;5249;Cordoba;Rio San Miguel
1331;5249;Cordoba;Rio Viejo
1332;5270;Cordoba;Serrezuela
1333;5271;Cordoba;Puesto De Vera
1334;5274;Cordoba;Balde Salado
1335;5274;Cordoba;Cuatro Esquinas
1336;5274;Cordoba;Dique Los Sauces
1337;5274;Cordoba;El Consuelo
1338;5274;Cordoba;El Fraile
1339;5274;Cordoba;Hunquillal
1340;5274;Cordoba;La Isla
1341;5274;Cordoba;Los Barriacitos
1342;5274;Cordoba;Pozo Del Medio
1343;5274;Cordoba;San Cristobal
1344;5275;Cordoba;El Cienago
1345;5275;Cordoba;Esquina Grande
1346;5278;Cordoba;Los Aguirres
1347;5280;Cordoba;Cruz Del Eje
1348;5281;Cordoba;Barrial
1349;5281;Cordoba;Canteras De Quilpo
1350;5281;Cordoba;El Brete
1351;5281;Cordoba;El Simbolar
1352;5281;Cordoba;Esq Del Alambre
1353;5281;Cordoba;Guanaco Muerto
1354;5281;Cordoba;La Florida
1355;5281;Cordoba;La Lilia
1356;5281;Cordoba;La Puerta
1357;5281;Cordoba;La Virginia
1358;5281;Cordoba;Las Tapias
1359;5281;Cordoba;Los Algarrobitos
1360;5281;Cordoba;Los Chaqaritos
1361;5281;Cordoba;Los Chanaritos
1362;5281;Cordoba;Medio Naranja
1363;5281;Cordoba;Palo Parado
1364;5281;Cordoba;Pozo Del Simbol
1365;5281;Cordoba;Puesto Del Gallo
1366;5281;Cordoba;San Jose
1367;5281;Cordoba;Simbolar
1368;5282;Cordoba;Calabalumba
1369;5282;Cordoba;Chacha Del Rey
1370;5282;Cordoba;Charbonier
1371;5282;Cordoba;El Carrizal
1372;5282;Cordoba;El Frances
1373;5282;Cordoba;El Rincon
1374;5282;Cordoba;El Salto
1375;5282;Cordoba;Escobas
1376;5282;Cordoba;La Costa
1377;5282;Cordoba;La Fronda
1378;5282;Cordoba;La Gramilla
1379;5282;Cordoba;Los Guevara
1380;5282;Cordoba;Los Paredones
1381;5282;Cordoba;Los Piquillines
1382;5282;Cordoba;Los Sauces
1383;5282;Cordoba;Quebrada De Luna
1384;5282;Cordoba;San Marcos Sierra
1385;5282;Cordoba;San Salvador
1386;5282;Cordoba;Santa Isabel
1387;5283;Cordoba;La Laguna
1388;5284;Cordoba;Aguas De Ramon
1389;5284;Cordoba;Barrialitos
1390;5284;Cordoba;Bella Vista
1391;5284;Cordoba;Cachiyullo
1392;5284;Cordoba;Chacras
1393;5284;Cordoba;Chacras Del Potrer
1394;5284;Cordoba;Desaguadero
1395;5284;Cordoba;El Caracol
1396;5284;Cordoba;El Puesto
1397;5284;Cordoba;Estacion Soto
1398;5284;Cordoba;Kilometro 541
1399;5284;Cordoba;La Puert V De Soto
1400;5284;Cordoba;Las Caqadas
1401;5284;Cordoba;Las Chacras
1402;5284;Cordoba;Las Lomas
1403;5284;Cordoba;Las Tinajeras
1404;5284;Cordoba;Los Pantalles
1405;5284;Cordoba;Mandala
1406;5284;Cordoba;Palo Quemado
1407;5284;Cordoba;Paloma Pozo
1408;5284;Cordoba;Paso De Montoya
1409;5284;Cordoba;Paso Viejo
1410;5284;Cordoba;Pdras Amontonadas
1411;5284;Cordoba;Pichanas
1412;5284;Cordoba;Piedras Anchas
1413;5284;Cordoba;Ramblon
1414;5284;Cordoba;Rio Seco
1415;5284;Cordoba;Santa Ana
1416;5284;Cordoba;Sendas Grandes
1417;5284;Cordoba;Tala Del Rio Seco
1418;5284;Cordoba;Tasacuna
1419;5284;Cordoba;Totora Guasi
1420;5284;Cordoba;Villa De Soto
1421;5285;Cordoba;Agua De Crespin
1422;5285;Cordoba;Baqado De Soto
1423;5285;Cordoba;Banado De Soto
1424;5285;Cordoba;Canteras Iguazu
1425;5285;Cordoba;Carrizal
1426;5285;Cordoba;Casas Viejas
1427;5285;Cordoba;El Barrial
1428;5285;Cordoba;El Guaico
1429;5285;Cordoba;El Rio
1430;5285;Cordoba;Guasapampa
1431;5285;Cordoba;La Aguada
1432;5285;Cordoba;La Lagunilla
1433;5285;Cordoba;La Mesilla
1434;5285;Cordoba;Las Playas
1435;5285;Cordoba;Las Totoritas
1436;5285;Cordoba;Mesa De Mariano
1437;5285;Cordoba;Piedra Blanca
1438;5285;Cordoba;Pozo Seco
1439;5285;Cordoba;Represa De Morales
1440;5285;Cordoba;Rumiguasi
1441;5285;Cordoba;Tres Arboles
1442;5286;Cordoba;Tuclame
1443;5287;Cordoba;C La Candelaria
1444;5287;Cordoba;Capilla La Candelaria
1445;5287;Cordoba;Characato
1446;5287;Cordoba;Cruz De Cana
1447;5287;Cordoba;Majada De Santiago
1448;5287;Cordoba;Oro Grueso
1449;5287;Cordoba;Rara Fortuna
1450;5289;Cordoba;Cienaga Del Coro
1451;5289;Cordoba;El Sauce
1452;5289;Cordoba;La Playa
1453;5289;Cordoba;Ramirez
1454;5289;Cordoba;Rumiaco
1455;5289;Cordoba;Tosno
1456;5291;Cordoba;C De Las Gatiadas
1457;5291;Cordoba;Chaqariaco
1458;5291;Cordoba;Dos Rios
1459;5291;Cordoba;E De Guadalupe
1460;5291;Cordoba;El Rodeo
1461;5291;Cordoba;El Sunchal
1462;5291;Cordoba;El Vallesito
1463;5291;Cordoba;La Bismutina
1464;5291;Cordoba;La Estancia
1465;5291;Cordoba;Los Barriales
1466;5291;Cordoba;Mina La Bismutina
1467;5291;Cordoba;Mogote Verde
1468;5291;Cordoba;Ninalquin
1469;5291;Cordoba;Pajonal
1470;5291;Cordoba;Paso Grande
1471;5291;Cordoba;Piedras Anchas
1472;5291;Cordoba;S De Las Paredes
1473;5291;Cordoba;San Carlos Minas
1474;5291;Cordoba;Sapansoto
1475;5291;Cordoba;Sierra De Abregu
1476;5291;Cordoba;Sunchal
1477;5291;Cordoba;Talaini
1478;5291;Cordoba;Totoritas
1479;5291;Cordoba;Tres Esquinas
1480;5291;Cordoba;Tres Lomas
1481;5293;Cordoba;Cerro Bola
1482;5293;Cordoba;El Durazno
1483;5293;Cordoba;La Argentina
1484;5293;Cordoba;Las Cortaderas
1485;5293;Cordoba;Los Ojos De Agua
1486;5293;Cordoba;Ojo De Agua
1487;5294;Cordoba;Pocho
1488;5295;Cordoba;Alto Del Tala
1489;5295;Cordoba;Buena Vista
1490;5295;Cordoba;Casa Blanca
1491;5295;Cordoba;Cuchillo Yaco
1492;5295;Cordoba;El Potrero
1493;5295;Cordoba;La Esquina
1494;5295;Cordoba;Las Cortaderas
1495;5295;Cordoba;Las Rosas
1496;5295;Cordoba;Piedritas Rosadas
1497;5295;Cordoba;Pitoa
1498;5295;Cordoba;S De Los Quevedos
1499;5295;Cordoba;Salsacate
1500;5295;Cordoba;Toro Muerto
1501;5295;Cordoba;Tres Chaqares
1502;5295;Cordoba;Villa Taninga
1503;5295;Cordoba;Viso
1504;5297;Cordoba;Arcoyo
1505;5297;Cordoba;Arroyo
1506;5297;Cordoba;Buena Vista
1507;5297;Cordoba;Caqada Del Puerto
1508;5297;Cordoba;Cerro Negro
1509;5297;Cordoba;La Quebrada
1510;5297;Cordoba;La Sierrita
1511;5297;Cordoba;Las Chacras
1512;5297;Cordoba;Mina Araujo
1513;5297;Cordoba;Potrero De Marques
1514;5297;Cordoba;Puerta De La Q
1515;5297;Cordoba;Rio Hondo
1516;5297;Cordoba;Sagrada Familia
1517;5297;Cordoba;San Geronimo
1518;5297;Cordoba;Tala Caqada
1519;5297;Cordoba;Tala Canada
1520;5299;Cordoba;Ambul
1521;5299;Cordoba;Caqada De Pocho
1522;5299;Cordoba;Caqada De Salas
1523;5299;Cordoba;Carrizal
1524;5299;Cordoba;Chamico
1525;5299;Cordoba;El Carrizal
1526;5299;Cordoba;La Aguadita
1527;5299;Cordoba;La Mudana
1528;5299;Cordoba;La Tablada
1529;5299;Cordoba;Las Palmas
1530;5299;Cordoba;Loma Redonda
1531;5299;Cordoba;Mussi
1532;5299;Cordoba;Pocho
1533;5299;Cordoba;Pusisuna
1534;5299;Cordoba;Taruca Pampa
1535;5300;Cordoba;Amilgancho
1536;5300;Cordoba;Ampata
1537;5300;Cordoba;Bajo Hondo
1538;5300;Cordoba;Carrizal
1539;5300;Cordoba;Dique Los Sauces
1540;5300;Cordoba;El Duraznillo
1541;5300;Cordoba;El Plumerillo
1542;5300;Cordoba;Estacion 69
1543;5300;Cordoba;Jesus Maria
1544;5300;Cordoba;La Lata
1545;5300;Cordoba;Las Higuerillas
1546;5300;Cordoba;Los Cerrillos
1547;5300;Cordoba;Medano
1548;5300;Cordoba;Pozo De Avila
1549;5300;Cordoba;Pozo Escondido
1550;5300;Cordoba;Punta Del Negro
1551;5300;Cordoba;San Agustin
1552;5300;Cordoba;San Guillermo
1553;5300;Cordoba;San Martin
1554;5300;Cordoba;Santa Rosa
1555;5300;Cordoba;Trampa Del Tigre
1556;5520;Cordoba;Las Arrias
1557;5643;Cordoba;Monte De Los Gauchos
1558;5689;Cordoba;La Bolsa
1559;5734;Cordoba;Piedra Pintada
1560;5800;Cordoba;Rio Cuarto
1561;5801;Cordoba;Alpa Corral
1562;5801;Cordoba;Cuatro Vientos
1563;5801;Cordoba;El Banado Rio Cuarto
1564;5801;Cordoba;Las Canitas
1565;5801;Cordoba;Las Higueras
1566;5801;Cordoba;Piedra Blanca
1567;5801;Cordoba;Rio Seco
1568;5801;Cordoba;Rodeo Viejo
1569;5801;Cordoba;Villa El Chacay
1570;5802;Cordoba;Rio Cuarto
1571;5803;Cordoba;Reduccion
1572;5804;Cordoba;Rio Cuarto
1573;5805;Cordoba;Carnerillo
1574;5805;Cordoba;Colonia Santa Paula
1575;5805;Cordoba;Las Higueras
1576;5806;Cordoba;Rio Cuarto
1577;5807;Cordoba;Bengolea
1578;5807;Cordoba;Charras
1579;5807;Cordoba;Olaeta
1580;5808;Cordoba;Rio Cuarto
1581;5809;Cordoba;General Cabrera
1582;5811;Cordoba;Coronel Baigorria
1583;5811;Cordoba;Espinillo
1584;5813;Cordoba;Alcira
1585;5813;Cordoba;Alcira E Gigena
1586;5813;Cordoba;Alcira Estacion
1587;5813;Cordoba;Alcira Estacion Gigena
1588;5813;Cordoba;Alpapuca
1589;5813;Cordoba;Bajada Nueva
1590;5813;Cordoba;Capilla De Tegua
1591;5813;Cordoba;Dos Lagunas
1592;5813;Cordoba;El Barreal
1593;5813;Cordoba;El Chiquillan
1594;5813;Cordoba;El Espinillal
1595;5813;Cordoba;Gigena
1596;5813;Cordoba;Gigena Alcira
1597;5813;Cordoba;La Ramoncita
1598;5813;Cordoba;La Sierrita
1599;5813;Cordoba;Laguna Clara
1600;5813;Cordoba;Tegua
1601;5814;Cordoba;Charras
1602;5815;Cordoba;Elena
1603;5815;Cordoba;Los Medanos
1604;5817;Cordoba;La Dormida
1605;5817;Cordoba;Berrotaran
1606;5817;Cordoba;Caqada Del Sauce
1607;5817;Cordoba;Canada Del Sauce
1608;5817;Cordoba;Las Gamas
1609;5817;Cordoba;Las Peqas
1610;5817;Cordoba;Paso Cabral
1611;5817;Cordoba;Puerta Colorada
1612;5819;Cordoba;Arroyo Santana
1613;5819;Cordoba;Arroyo Toledo
1614;5819;Cordoba;Caqada De Alvarez
1615;5819;Cordoba;El Manantial
1616;5819;Cordoba;La Calera - Cba
1617;5819;Cordoba;Las Peqas Sud
1618;5819;Cordoba;Paso Sandialito
1619;5819;Cordoba;Sierra Blanca
1620;5819;Cordoba;Villa La Coba
1621;5819;Cordoba;Canada De Alvarez
1622;5819;Cordoba;La Calera Calamuchit
1623;5819;Cordoba;Las Caleras
1624;5821;Cordoba;Campo San Antonio
1625;5821;Cordoba;Cerro Colorado
1626;5821;Cordoba;Cerro San Lorenzo
1627;5821;Cordoba;El Cano
1628;5821;Cordoba;Estacion Achiras
1629;5821;Cordoba;Guindas
1630;5821;Cordoba;Los Cerros Negros
1631;5821;Cordoba;Los Cocos
1632;5821;Cordoba;Permanentes
1633;5821;Cordoba;R De Los Caballos
1634;5821;Cordoba;Rodeo Las Yeguas
1635;5821;Cordoba;Rio De Los Sauces
1636;5822;Cordoba;Chucul
1637;5823;Cordoba;Las Peqas Norte
1638;5823;Cordoba;Los Condores
1639;5823;Cordoba;Modesto Acuqa
1640;5824;Cordoba;Olaeta
1641;5825;Cordoba;Arroyo S Catalina
1642;5825;Cordoba;Arsenal J M Rojas
1643;5825;Cordoba;Holmberg
1644;5825;Cordoba;Las Ensenadas
1645;5825;Cordoba;Santa Catalina
1646;5827;Cordoba;Las Vertientes
1647;5829;Cordoba;Chaqaritos
1648;5829;Cordoba;Laguna Seca
1649;5829;Cordoba;Sampacho
1650;5829;Cordoba;Soria
1651;5831;Cordoba;Estacion Achiras
1652;5831;Cordoba;La Caqada
1653;5831;Cordoba;La Colorada
1654;5831;Cordoba;Mayu Sumaj
1655;5831;Cordoba;Monte De Los Gauchos
1656;5831;Cordoba;S Nicolas Punilla
1657;5832;Cordoba;Monte De Los Gauchos
1658;5833;Cordoba;Achiras
1659;5833;Cordoba;La Barranquita
1660;5835;Cordoba;Bella Vista
1661;5835;Cordoba;Dominguez
1662;5835;Cordoba;El Tala
1663;5835;Cordoba;La Argentina
1664;5835;Cordoba;La Aurora
1665;5835;Cordoba;Los Chaqares
1666;5835;Cordoba;Los Cuadros
1667;5835;Cordoba;Piquillines
1668;5835;Cordoba;Porvenir
1669;5835;Cordoba;San Antonio
1670;5835;Cordoba;Uspara
1671;5835;Cordoba;Volcan Estanzuela
1672;5837;Cordoba;Chajan
1673;5837;Cordoba;G Fernandez
1674;5837;Cordoba;San Lucas Norte
1675;5837;Cordoba;Suco
1676;5838;Cordoba;Malena
1677;5839;Cordoba;L Jagueles
1678;5839;Cordoba;Las Vertientes
1679;5839;Cordoba;Los Jagueles
1680;5839;Cordoba;Punta Del Agua
1681;5839;Cordoba;Zapoloco
1682;5841;Cordoba;Carolina
1683;5841;Cordoba;Colonia Orcovi
1684;5841;Cordoba;La Mercantil
1685;5841;Cordoba;Las Cinco Cuadras
1686;5841;Cordoba;San Basilio
1687;5841;Cordoba;Yatay
1688;5843;Cordoba;Adela Maria
1689;5843;Cordoba;Adelia Maria
1690;5843;Cordoba;E Punta De Agua
1691;5845;Cordoba;Bulnes
1692;5845;Cordoba;La Cascada
1693;5847;Cordoba;C La Celestina
1694;5847;Cordoba;Colonia Dean Funes
1695;5847;Cordoba;Coronel Moldes
1696;5847;Cordoba;Fragueyro
1697;5848;Cordoba;La Gilda
1698;5848;Cordoba;Las Acequias
1699;5848;Cordoba;San Ambrosio
1700;5848;Cordoba;San Bernardo
1701;5850;Cordoba;B Del Libertador
1702;5850;Cordoba;Colonia Luque
1703;5850;Cordoba;F Militar Rio 3:
1704;5850;Cordoba;Los Potreros
1705;5850;Cordoba;Rio Tercero
1706;5851;Cordoba;C Santa Catalina
1707;5851;Cordoba;Colonia Santa Catalina
1708;5851;Cordoba;Las Bajadas
1709;5851;Cordoba;Monsalvo
1710;5851;Cordoba;Los Tres Pozos
1711;5853;Cordoba;Corralito
1712;5854;Cordoba;Almafuerte
1713;5854;Cordoba;El Quebracho
1714;5856;Cordoba;Embalse
1715;5857;Cordoba;Villa Segunda
1716;5858;Cordoba;Embalse
1717;5859;Cordoba;Caqada Del Tala
1718;5859;Cordoba;Cerros Asperos
1719;5859;Cordoba;U Nuclear Embalse
1720;5859;Cordoba;Villa Del Tala
1721;5859;Cordoba;Villa Quillinzo
1722;5859;Cordoba;La Cruz
1723;5859;Cordoba;Lutti
1724;5859;Cordoba;Tigre Muerto
1725;5862;Cordoba;Villa Del Dique
1726;5864;Cordoba;El Torreon
1727;5864;Cordoba;Valle Dorado
1728;5864;Cordoba;Villa Del Parque
1729;5864;Cordoba;Villa Naturaleza
1730;5864;Cordoba;Villa Rumipal
1731;5865;Cordoba;San Jose
1732;5867;Cordoba;Los Cerrillos
1733;5870;Cordoba;Barrio La Feria
1734;5870;Cordoba;Chaquinchuna
1735;5870;Cordoba;Corral De Ceballos
1736;5870;Cordoba;El Baldecito
1737;5870;Cordoba;La Caqada
1738;5870;Cordoba;La Canada
1739;5870;Cordoba;La Concepcion
1740;5870;Cordoba;La Ventana
1741;5870;Cordoba;Las Caqadas
1742;5870;Cordoba;Las Palomas
1743;5870;Cordoba;Los Pozos
1744;5870;Cordoba;Nicho
1745;5870;Cordoba;San Anotnio
1746;5870;Cordoba;San Roque
1747;5870;Cordoba;Tabanillo
1748;5870;Cordoba;Villa Dolores
1749;5871;Cordoba;Acostilla
1750;5871;Cordoba;Altautina
1751;5871;Cordoba;Balde De La Mora
1752;5871;Cordoba;Balde De La Orilla
1753;5871;Cordoba;Balde Lindo
1754;5871;Cordoba;Baqado De Paja
1755;5871;Cordoba;Cartaberol
1756;5871;Cordoba;Chua
1757;5871;Cordoba;Concepcion
1758;5871;Cordoba;Condor Huasi
1759;5871;Cordoba;El Bordo
1760;5871;Cordoba;El P De La Pampa
1761;5871;Cordoba;El Rincon
1762;5871;Cordoba;La A De Las Animas
1763;5871;Cordoba;La Alegria
1764;5871;Cordoba;La Compasion
1765;5871;Cordoba;La Cortadera
1766;5871;Cordoba;La Finca
1767;5871;Cordoba;La Jarilla
1768;5871;Cordoba;La Linea
1769;5871;Cordoba;La Loma
1770;5871;Cordoba;La Patria
1771;5871;Cordoba;La Trampa
1772;5871;Cordoba;Las Barrancas
1773;5871;Cordoba;Las Encrucijadas
1774;5871;Cordoba;Las Oscuras
1775;5871;Cordoba;Las Toscas
1776;5871;Cordoba;Lomitas
1777;5871;Cordoba;Los Callejones
1778;5871;Cordoba;Los Dos Pozos
1779;5871;Cordoba;Medanitos
1780;5871;Cordoba;Piedra Pintada
1781;5871;Cordoba;Pozo De La Pampa
1782;5871;Cordoba;Pueblo Sarmiento
1783;5871;Cordoba;Quebracho Solo
1784;5871;Cordoba;S Miguel  Chancani
1785;5871;Cordoba;S Miguel S Vicente
1786;5871;Cordoba;S P. De S Alberto
1787;5871;Cordoba;San Jose
1788;5871;Cordoba;San Nicolas
1789;5871;Cordoba;San Pedro
1790;5871;Cordoba;San Rafael
1791;5871;Cordoba;San Vicente
1792;5871;Cordoba;Santo Domingo
1793;5871;Cordoba;Villa Sarmiento
1794;5871;Cordoba;Los Cajones
1795;5873;Cordoba;Arboles Blancos
1796;5873;Cordoba;Capilla De Romero
1797;5873;Cordoba;Caqada Grande
1798;5873;Cordoba;Conlara
1799;5873;Cordoba;El Manantial
1800;5873;Cordoba;Isla
1801;5873;Cordoba;La Angostura
1802;5873;Cordoba;La Celia
1803;5873;Cordoba;Los Chaqares
1804;5873;Cordoba;Los Chaqaritos
1805;5873;Cordoba;Los Manguitos
1806;5873;Cordoba;Manguitas
1807;5873;Cordoba;P De Las Sierras
1808;5873;Cordoba;Pozo Del Chaqar
1809;5873;Cordoba;Pozo Del Molle
1810;5873;Cordoba;Punta De Agua
1811;5873;Cordoba;Salto
1812;5873;Cordoba;Tilquicho
1813;5873;Cordoba;Zapata
1814;5875;Cordoba;Alto De Las Mulas
1815;5875;Cordoba;Chuchiras
1816;5875;Cordoba;Come Tierra
1817;5875;Cordoba;Diez Rios
1818;5875;Cordoba;Guanaco Boleado
1819;5875;Cordoba;Huasta
1820;5875;Cordoba;La Poblacion
1821;5875;Cordoba;La Ramada
1822;5875;Cordoba;La Travesia
1823;5875;Cordoba;Luyaba
1824;5875;Cordoba;Rio De Jaime
1825;5875;Cordoba;Rio Hondo
1826;5875;Cordoba;Rodeo De Piedra
1827;5875;Cordoba;Sagrada Familia
1828;5875;Cordoba;San Isidro-Cba
1829;5875;Cordoba;San Javier
1830;5875;Cordoba;Achiras
1831;5875;Cordoba;Cruz De Cana
1832;5877;Cordoba;Yacanto
1833;5879;Cordoba;La Paz
1834;5881;Cordoba;El Rincon
1835;5881;Cordoba;La Ramada
1836;5881;Cordoba;Piedra Blanca
1837;5881;Cordoba;Rincon Del Este
1838;5881;Cordoba;Santa Lucinda
1839;5881;Cordoba;Talita
1840;5881;Cordoba;Villa Luisa
1841;5883;Cordoba;Alto Lindo
1842;5883;Cordoba;Balcarce
1843;5883;Cordoba;Balde
1844;5883;Cordoba;Chaqaritos
1845;5883;Cordoba;El Recuerdo
1846;5883;Cordoba;Estancia
1847;5883;Cordoba;La Cumbre
1848;5883;Cordoba;Los Espinillos
1849;5883;Cordoba;Villa Elena
1850;5884;Cordoba;Los Hornillos
1851;5885;Cordoba;Dique La Viqa
1852;5885;Cordoba;El Alto
1853;5885;Cordoba;Hornillos
1854;5885;Cordoba;Las Calles
1855;5885;Cordoba;Las Cebollas
1856;5885;Cordoba;Las Conanitas
1857;5885;Cordoba;Las Rabonas
1858;5885;Cordoba;Las Tapias
1859;5885;Cordoba;Los Hornillos
1860;5885;Cordoba;Los Molles
1861;5885;Cordoba;Villa Clodomira
1862;5885;Cordoba;Villa De Las Rosas
1863;5886;Cordoba;Las Tapias
1864;5887;Cordoba;La Quinta
1865;5887;Cordoba;Nono
1866;5887;Cordoba;Rio Arriba
1867;5889;Cordoba;Arroyo La Higuera
1868;5889;Cordoba;Arroyo Los Patos
1869;5889;Cordoba;Caqada Larga
1870;5889;Cordoba;El Bajo
1871;5889;Cordoba;El Corte
1872;5889;Cordoba;Las Palmitas
1873;5889;Cordoba;Mina Clavero
1874;5889;Cordoba;Monte Redondo
1875;5889;Cordoba;Nido Del Aguila
1876;5889;Cordoba;Niqa Paula
1877;5889;Cordoba;Quebrada Del Horno
1878;5889;Cordoba;San Sebastian
1879;5889;Cordoba;Santa Maria
1880;5891;Cordoba;Caqada Grande
1881;5891;Cordoba;Casa De Piedra
1882;5891;Cordoba;Cienaga De Allende
1883;5891;Cordoba;El Mirador
1884;5891;Cordoba;J Bautista Alberdi
1885;5891;Cordoba;La Guardia
1886;5891;Cordoba;Mogigasta
1887;5891;Cordoba;V Cura Brochero
1888;5891;Cordoba;Villa Cura Brochero
1889;5893;Cordoba;Alto Grande
1890;5893;Cordoba;Isla Verde
1891;5893;Cordoba;La Cocha
1892;5893;Cordoba;Pachango
1893;5893;Cordoba;Panaholma
1894;5893;Cordoba;San Lorenzo
1895;5893;Cordoba;Santa Rita
1896;5893;Cordoba;Tasma
1897;5900;Cordoba;Fabrica Militar
1898;5900;Cordoba;La Herradura
1899;5900;Cordoba;Las Cuatro Esqs
1900;5900;Cordoba;Las Pichanas
1901;5900;Cordoba;Monte De Los Lazos
1902;5900;Cordoba;Ramon J Carcano
1903;5900;Cordoba;Villa Aurora
1904;5900;Cordoba;Villa Emilia
1905;5900;Cordoba;Villa Maria
1906;5901;Cordoba;Arroyo Del Pino
1907;5901;Cordoba;Cayuqueo
1908;5901;Cordoba;Kilometro 267
1909;5901;Cordoba;La Laguna
1910;5901;Cordoba;Sanabria
1911;5901;Cordoba;Villa Maria
1912;5903;Cordoba;Santa Rosa
1913;5903;Cordoba;Villa Del Parque
1914;5903;Cordoba;Villa Nueva
1915;5905;Cordoba;Ana Zumaran
1916;5905;Cordoba;La Laguna
1917;5907;Cordoba;Alto Alegre
1918;5909;Cordoba;Arroyo Algodon
1919;5909;Cordoba;Las Mojarras
1920;5910;Cordoba;C Silvio Pellico
1921;5910;Cordoba;Colonia Silvio Pellico
1922;5911;Cordoba;La Playosa
1923;5913;Cordoba;Corral Del Bajo
1924;5913;Cordoba;India Muerta
1925;5913;Cordoba;Pozo Del Molle
1926;5913;Cordoba;Santa Rosa
1927;5915;Cordoba;Carrilobo
1928;5917;Cordoba;Arroyo Cabral
1929;5917;Cordoba;Colonia Yucat Sud
1930;5918;Cordoba;Luca
1931;5919;Cordoba;Dalmacio V Sarsfi
1932;5919;Cordoba;Dalmacio Velez Sarsfield
1933;5919;Cordoba;Luca
1934;5921;Cordoba;Las Perdices
1935;5923;Cordoba;General Deheza
1936;5924;Cordoba;Ausonia
1937;5925;Cordoba;Ferreyra
1938;5925;Cordoba;Carlomagno
1939;5925;Cordoba;La Reina
1940;5925;Cordoba;Los Reyunos
1941;5925;Cordoba;Maria
1942;5925;Cordoba;Pasco
1943;5925;Cordoba;Sarmica
1944;5927;Cordoba;Ticino
1945;5929;Cordoba;Hernando
1946;5929;Cordoba;Los Zorros
1947;5931;Cordoba;La Victoria
1948;5931;Cordoba;Las Isletillas
1949;5931;Cordoba;Monte Del Frayle
1950;5931;Cordoba;Pampayasta Sud
1951;5931;Cordoba;Punta Del Agua
1952;5933;Cordoba;C La Primavera
1953;5933;Cordoba;C Santa Margarita
1954;5933;Cordoba;Colonia Hamburgo
1955;5933;Cordoba;El Porteqo
1956;5933;Cordoba;General Fotherigham
1957;5933;Cordoba;Tancacha
1958;5935;Cordoba;Villa Ascasubi
1959;5936;Cordoba;Cap S Ant De Yucat
1960;5936;Cordoba;Colonia Santa Rita
1961;5936;Cordoba;S Antonio De Yucat
1962;5936;Cordoba;San Antonio De Yucat
1963;5936;Cordoba;Tio Pujio
1964;5940;Cordoba;Corral De Guardia
1965;5940;Cordoba;Las Varillas
1966;5940;Cordoba;Trinchera
1967;5941;Cordoba;Colonia Angelita
1968;5941;Cordoba;Las Varas
1969;5943;Cordoba;Campo Bandillo
1970;5943;Cordoba;Laspiur
1971;5943;Cordoba;Satur M Laspiur
1972;5943;Cordoba;Saturnino M Laspiur
1973;5945;Cordoba;C General Deheza
1974;5945;Cordoba;Corral De Mulas
1975;5945;Cordoba;La Pobladora
1976;5945;Cordoba;Sacanta
1977;5947;Cordoba;El Araqado
1978;5947;Cordoba;El Aranado
1979;5947;Cordoba;El Jumial
1980;5947;Cordoba;Pozo Del Avestruz
1981;5947;Cordoba;Villa San Esteban
1982;5949;Cordoba;Alicia
1983;5949;Cordoba;La Tigra
1984;5951;Cordoba;El Florentino
1985;5951;Cordoba;El Fortin
1986;5951;Cordoba;La Rosarina
1987;5951;Cordoba;Overa Negra
1988;5953;Cordoba;Pasco
1989;5957;Cordoba;La Palestina
1990;5960;Cordoba;Rio Segundo
1991;5961;Cordoba;Caqada De Machado
1992;5961;Cordoba;Costa Sacate
1993;5961;Cordoba;Rincon
1994;5963;Cordoba;Capilla Del Carmen
1995;5963;Cordoba;El Corralito
1996;5963;Cordoba;Villa Del Rosario
1997;5964;Cordoba;Calchin Oeste
1998;5965;Cordoba;Calchin Oeste
1999;5965;Cordoba;Las Junturas
2000;5966;Cordoba;Ticino
2001;5967;Cordoba;Luque
2002;5968;Cordoba;Hernando
2003;5969;Cordoba;Calchin
2004;5970;Cordoba;Matorrales
2005;5971;Cordoba;Colazo
2006;5972;Cordoba;Pilar
2007;5973;Cordoba;Pampayasta Norte
2008;5974;Cordoba;Laguna Larga
2009;5975;Cordoba;Pampayasta Sur
2010;5980;Cordoba;Oliva
2011;5981;Cordoba;Colazo
2012;5982;Cordoba;G Fotheringham
2013;5982;Cordoba;General Fotheringham
2014;5984;Cordoba;James Craik
2015;5986;Cordoba;Oncativo
2016;5987;Cordoba;Campo Rossiano
2017;5987;Cordoba;Colonia Almada
2018;5987;Cordoba;Colonia Garzon
2019;5987;Cordoba;Impira
2020;5988;Cordoba;Manfredi
2021;5990;Cordoba;Tio Pujio
2022;5992;Cordoba;Las Varillas
2023;6003;Cordoba;Colonia La Beba
2024;6003;Cordoba;E Agri Salesiana
2025;6003;Cordoba;Estacion Ascension
2026;6005;Cordoba;Arenales
2027;6005;Cordoba;E G Arenales
2028;6005;Cordoba;Ham
2029;6005;Cordoba;La Huayqueria
2030;6007;Cordoba;Arribeqos
2031;6007;Cordoba;Colonia Los Hornos
2032;6007;Cordoba;Desvio Km 95
2033;6007;Cordoba;La Pinta
2034;6009;Cordoba;San Marcelo
2035;6014;Cordoba;Costa Sacate
2036;6015;Cordoba;C Los Bosques
2037;6015;Cordoba;Campo Coliqueo
2038;6015;Cordoba;Campo La Tribu
2039;6015;Cordoba;La Tribu
2040;6015;Cordoba;Los Huesos
2041;6028;Cordoba;Colazo
2042;6072;Cordoba;Villa Rossi
2043;6101;Cordoba;La Cesira
2044;6104;Cordoba;Nicolas Bruzone
2045;6109;Cordoba;Italo
2046;6120;Cordoba;Guardia Vieja
2047;6120;Cordoba;Laboulaye
2048;6121;Cordoba;El Rastreador
2049;6121;Cordoba;Huanchilla
2050;6123;Cordoba;Melo
2051;6123;Cordoba;San Joaquin
2052;6125;Cordoba;Serrano
2053;6126;Cordoba;Villa Rossi
2054;6127;Cordoba;Jovita
2055;6127;Cordoba;Santa Magdalena
2056;6128;Cordoba;Leguizamon
2057;6128;Cordoba;Rossi
2058;6132;Cordoba;General Lavalle
2059;6132;Cordoba;General Levalle
2060;6134;Cordoba;Rio Bamba
2061;6140;Cordoba;Vicuna Mackenna
2062;6141;Cordoba;Tosquita
2063;6142;Cordoba;General Soler
2064;6142;Cordoba;La Cautiva
2065;6144;Cordoba;Washington
2066;6175;Cordoba;Villa Huidobro
2067;6176;Cordoba;San Pedro Norte
2068;6204;Cordoba;San Pablo
2069;6205;Cordoba;El Guanaco
2070;6205;Cordoba;El Tajamar
2071;6205;Cordoba;L 5 Caleufu  E 120
2072;6208;Cordoba;La Juanita
2073;6212;Cordoba;3 Hnos Quetrequen
2074;6212;Cordoba;El Tordillo
2075;6212;Cordoba;San Hilario
2076;6212;Cordoba;San Juan Simson
2077;6212;Cordoba;Santa Gracia
2078;6213;Cordoba;Lote 11 E 107
2079;6213;Cordoba;Lote 15
2080;6214;Cordoba;C La Margarita
2081;6214;Cordoba;C San Basilio
2082;6214;Cordoba;Casimiro Gomez
2083;6214;Cordoba;Jardon
2084;6214;Cordoba;La Margarita
2085;6214;Cordoba;La Pomona
2086;6214;Cordoba;La Pvera Chamaico
2087;6214;Cordoba;Las Delicias
2088;6214;Cordoba;San Basilio
2089;6214;Cordoba;San Marcelo
2090;6216;Cordoba;Cochequingan
2091;6216;Cordoba;El Cinco
2092;6216;Cordoba;El Porvenir
2093;6216;Cordoba;La Cherindu
2094;6216;Cordoba;La Elenita
2095;6225;Cordoba;Hipolito Bouchard
2096;6227;Cordoba;Onagoity
2097;6270;Cordoba;Colonia Dorotea
2098;6270;Cordoba;Huinca Renanco
2099;6271;Cordoba;De La Serna
2100;6271;Cordoba;Del Campillo
2101;6271;Cordoba;Mattaldi
2102;6271;Cordoba;Nicolas Bruzone
2103;6271;Cordoba;Pincen
2104;6271;Cordoba;Ranqueles
2105;6271;Cordoba;Italo
2106;6272;Cordoba;Mattaldi
2107;6273;Cordoba;Lecueder
2108;6273;Cordoba;Villa Sarmiento
2109;6273;Cordoba;Villa Valeria
2110;6274;Cordoba;Pincen
2111;6275;Cordoba;Canada Verde
2112;6275;Cordoba;Villa Huidobro
2113;6278;Cordoba;Italo
2114;6279;Cordoba;Centenario
2115;6279;Cordoba;E 30 De Octubre
2116;6279;Cordoba;El Piche
2117;6279;Cordoba;El Recuerdo
2118;6279;Cordoba;Gloria A Dios
2119;6279;Cordoba;La Aroma
2120;6279;Cordoba;La Bolivia
2121;6279;Cordoba;La Cora
2122;6279;Cordoba;La Felisa
2123;6279;Cordoba;La Maria Esther
2124;6279;Cordoba;La Penca
2125;6279;Cordoba;Nueva Esperanza
2126;6279;Cordoba;San Antonio
2127;6373;Cordoba;Villa Valeria
2128;8184;Cordoba;Canadon De Los Mogotes
